ip_name,series_name,series_year,product_name,category_group,category,kuji_prize_tier,characters,character_aliases,manufacturer,official_price,release_date,tags,image_url,source_url
進擊的巨人,一番賞 進擊的巨人～歷史的軌跡～,2026,里維·阿卡曼 最終戰Ver. 模型公仔,立體公仔類,公仔,A賞,里維·阿卡曼,兵長,BANDAI SPIRITS,¥850,2026-03-15,一番賞;BANDAI SPIRITS;公仔,https://snk.1kuji.com/images/2026_levi.jpg,https://1kuji.com/products/shingeki2026
進擊的巨人,進擊的巨人～The Final Season 完結紀念展～,2026,壓克力立牌 艾連·葉卡,生活雜貨類,立牌,,艾連·葉卡,艾主席,MAPPA,¥1650,2026-01-20,MAPPA展;壓克力立牌,https://mappa-onlineshop.com/images/eren_ar_2026.jpg,https://mappa-onlineshop.com/products/snk_2026_eren
進擊的巨人,進擊的巨人～The Final Season 完結紀念展～,2026,紀念原畫馬克杯,生活雜貨類,馬克杯,,艾連·葉卡;米卡莎·阿卡曼;阿爾敏·亞魯雷特,艾主席;;,MAPPA,¥2200,2026-01-20,MAPPA展;馬克杯;原畫,https://mappa-onlineshop.com/images/mug_2026.jpg,https://mappa-onlineshop.com/products/snk_2026_mug
進擊的巨人,黏土人 進擊的巨人,2026,黏土人 米卡莎·阿卡曼 最終季Ver.,立體公仔類,公仔,,米卡莎·阿卡曼,,Good Smile Company,¥6500,2026-05-30,黏土人;GSC;可動公仔,https://images.goodsmile.info/nendoroid_mikasa_fs.jpg,https://www.goodsmile.info/zh/product/2026mikasa/
進擊的巨人,扭蛋 進擊的巨人～三溫暖篇～,2026,三溫暖排隊公仔 漢吉·佐耶,立體公仔類,扭蛋公仔,,漢吉·佐耶,團長;分隊長,BANDAI,¥400,2026-02-15,扭蛋;萬代;三溫暖,https://gashapon.jp/images/2026_hange.jpg,https://gashapon.jp/products/detail_2026_hange
進擊的巨人,進擊的巨人～10週年紀念聯名～,2026,調查兵團雙色托特包,包袋類,托特包,,艾爾文·史密斯;里維·阿卡曼;漢吉·佐耶,團長;兵長;分隊長,SuperGroupies,¥14300,2026-04-10,SuperGroupies;聯名;包包,https://super-groupies.com/images/snk_bag_2026.jpg,https://super-groupies.com/product/snk_bag_2026
進擊的巨人,一番賞 進擊的巨人～地鳴的餘波～,2025,阿爾敏·亞魯雷特 超大型巨人Ver. 模型公仔,立體公仔類,公仔,B賞,阿爾敏·亞魯雷特,,BANDAI SPIRITS,¥850,2025-10-25,一番賞;BANDAI SPIRITS;超大型巨人,https://snk.1kuji.com/images/2025_armin.jpg,https://1kuji.com/products/shingeki2025
進擊的巨人,一番賞 進擊的巨人～地鳴的餘波～,2025,壓克力畫板,紙製/影像類,畫板,F賞,艾連·葉卡;吉克·葉卡,艾主席;獸之巨人,BANDAI SPIRITS,¥850,2025-10-25,一番賞;BANDAI SPIRITS;兄弟,https://snk.1kuji.com/images/2025_board.jpg,https://1kuji.com/products/shingeki2025
進擊的巨人,POP UP PARADE,2025,POP UP PARADE 萊納·布朗 鎧甲巨人Ver.,立體公仔類,公仔,,萊納·布朗,鎧甲巨人;萊納,Good Smile Company,¥4800,2025-08-31,POP UP PARADE;GSC;不可動,https://www.goodsmile.info/images/2025reiner.jpg,https://www.goodsmile.info/zh/product/2025reiner/
進擊的巨人,進擊的巨人～Anique線上特展～,2025,閃耀雷射徽章 里維,配戴隨身類,徽章,,里維·阿卡曼,兵長,Anique,¥660,2025-07-15,Anique;徽章;盲抽,https://shop.anique.jp/images/snk_levi_badge_2025.jpg,https://shop.anique.jp/products/snk-badge-levi-2025
進擊的巨人,進擊的巨人～Anique線上特展～,2025,兵團外套 復刻版,服裝類,外套,,艾連·葉卡;米卡莎·阿卡曼;阿爾敏·亞魯雷特;里維·阿卡曼;艾爾文·史密斯;漢吉·佐耶;約翰·基爾休坦;莎夏·布勞斯;柯尼·史普林格;赫里斯塔·蘭斯,,Anique,¥16500,2025-07-15,Anique;服裝;調查兵團;復刻,https://shop.anique.jp/images/snk_jacket_2025.jpg,https://shop.anique.jp/products/snk-jacket-2025
進擊的巨人,景品 Luminasta 進擊的巨人,2025,Luminasta 莎夏·布勞斯 吃貨Ver.,立體公仔類,景品公仔,,莎夏·布勞斯,白薯女,SEGA,非賣品,2025-11-20,SEGA;Luminasta;景品;夾娃娃機,https://segaplaza.jp/images/2025sasha.jpg,https://segaplaza.jp/products/2025sasha
進擊的巨人,黏土人 進擊的巨人,2024,黏土人 艾連·葉卡 最終季Ver.,立體公仔類,公仔,,艾連·葉卡,艾主席,Good Smile Company,¥6100,2024-04-30,黏土人;GSC;可動公仔,https://images.goodsmile.info/nendoroid_eren_fs.jpg,https://www.goodsmile.info/zh/product/2024eren/
進擊的巨人,黏土人 進擊的巨人,2024,黏土人 阿爾敏·亞魯雷特 最終季Ver.,立體公仔類,公仔,,阿爾敏·亞魯雷特,,Good Smile Company,¥6100,2024-05-31,黏土人;GSC;可動公仔,,https://www.goodsmile.info/zh/product/2024armin/
進擊的巨人,一番賞 進擊的巨人～地鳴的發動～,2024,米卡莎·阿卡曼 模型公仔,立體公仔類,公仔,B賞,米卡莎·阿卡曼,,BANDAI SPIRITS,¥850,2024-02-17,一番賞;BANDAI SPIRITS;公仔,,https://1kuji.com/products/shingeki2024
進擊的巨人,一番賞 進擊的巨人～地鳴的發動～,2024,艾連·葉卡 始祖巨人Ver. 壓克力立牌,生活雜貨類,立牌,E賞,艾連·葉卡,艾主席;始祖巨人,BANDAI SPIRITS,¥850,2024-02-17,一番賞;BANDAI SPIRITS;立牌,,https://1kuji.com/products/shingeki2024
進擊的巨人,進擊的巨人 The Final Season,2024,壓克力立牌 戰鬥服Ver. 里維,生活雜貨類,立牌,,里維·阿卡曼,兵長,Movic,¥1980,2024-06-15,立牌;Movic;戰鬥服,,https://www.movic.jp/shop/g/g02150-2024-levi/
進擊的巨人,進擊的巨人 The Final Season,2024,壓克力立牌 戰鬥服Ver. 漢吉,生活雜貨類,立牌,,漢吉·佐耶,團長;分隊長,Movic,¥1980,2024-06-15,立牌;Movic;戰鬥服,,https://www.movic.jp/shop/g/g02150-2024-hange/
進擊的巨人,扭蛋 進擊的巨人～等待中～第二彈,2024,等待中公仔 里維,立體公仔類,扭蛋公仔,,里維·阿卡曼,兵長,BANDAI,¥400,2024-08-20,扭蛋;萬代;等待中,,https://gashapon.jp/products/detail.php?jan_code=2024levi
進擊的巨人,USJ 日本環球影城～進擊的巨人～,2024,立體機動裝置 造型金屬吊飾,配戴隨身類,吊飾,,艾連·葉卡;米卡莎·阿卡曼;阿爾敏·亞魯雷特;里維·阿卡曼,,USJ,¥2500,2024-03-01,環球影城;USJ限定;立體機動裝置,,https://www.usj.co.jp/web/ja/jp
進擊的巨人,ARTFX J,2023,ARTFX J 里維 Renewal Package Ver.,立體公仔類,公仔,,里維·阿卡曼,兵長,壽屋,¥13200,2023-10-25,壽屋;比例公仔;再販,,https://www.kotobukiya.co.jp/product/product-2023-levi/
進擊的巨人,進擊的巨人～The Final Season 完結紀念～,2023,完結紀念 A4資料夾,紙製/影像類,資料夾,,艾連·葉卡;米卡莎·阿卡曼;阿爾敏·亞魯雷特,艾主席;;,Anique,¥880,2023-11-05,Anique;完結紀念;資料夾,,https://shop.anique.jp/products/snk-folder-2023
進擊的巨人,扭蛋 抱線公仔 進擊的巨人,2023,抱線公仔 艾爾文,立體公仔類,扭蛋公仔,,艾爾文·史密斯,團長,BANDAI,¥300,2023-05-15,扭蛋;萬代;線套公仔,,https://gashapon.jp/products/2023-erwin
進擊的巨人,POP UP PARADE,2023,POP UP PARADE 約翰·基爾休坦,立體公仔類,公仔,,約翰·基爾休坦,讓讓子,Good Smile Company,¥4800,2023-09-30,POP UP PARADE;GSC;不可動,,https://www.goodsmile.info/zh/product/2023jean/
進擊的巨人,POP UP PARADE,2023,POP UP PARADE 莎夏·布勞斯,立體公仔類,公仔,,莎夏·布勞斯,白薯女,Good Smile Company,¥4800,2023-09-30,POP UP PARADE;GSC;不可動,,https://www.goodsmile.info/zh/product/2023sasha/
進擊的巨人,進擊的巨人～調查兵團聯名～,2024,調查兵團造型手錶,配戴隨身類,手錶,,艾連·葉卡;米卡莎·阿卡曼;阿爾敏·亞魯雷特;里維·阿卡曼;漢吉·佐耶,,SuperGroupies,¥19800,2024-11-15,SuperGroupies;聯名;手錶,,https://super-groupies.com/product/snk_watch_2024
進擊的巨人,進擊的巨人～調查兵團聯名～,2024,調查兵團長靴,服裝類,鞋子,,艾連·葉卡;米卡莎·阿卡曼;阿爾敏·亞魯雷特;里維·阿卡曼;漢吉·佐耶,,SuperGroupies,¥24200,2024-11-15,SuperGroupies;聯名;鞋子,,https://super-groupies.com/product/snk_boots_2024
進擊的巨人,黏土人 進擊的巨人,2022,黏土人 皮克·芬格爾,立體公仔類,公仔,,皮克·芬格爾,車力巨人,Good Smile Company,¥6100,2022-12-30,黏土人;GSC;可動公仔,https://images.goodsmile.info/nendoroid_pieck.jpg,https://www.goodsmile.info/zh/product/2022pieck/
進擊的巨人,黏土人 進擊的巨人,2022,黏土人 萊納·布朗,立體公仔類,公仔,,萊納·布朗,鎧甲巨人;萊納,Good Smile Company,¥6100,2022-11-30,黏土人;GSC;可動公仔,https://images.goodsmile.info/nendoroid_reiner.jpg,https://www.goodsmile.info/zh/product/2022reiner/
進擊的巨人,一番賞 進擊的巨人～自由的代價～,2022,里維·阿卡曼 負傷Ver. 模型公仔,立體公仔類,公仔,A賞,里維·阿卡曼,兵長,BANDAI SPIRITS,¥850,2022-08-20,一番賞;BANDAI SPIRITS;公仔,,https://1kuji.com/products/shingeki2022
進擊的巨人,一番賞 進擊的巨人～自由的代價～,2022,艾爾文·史密斯 模型公仔,立體公仔類,公仔,B賞,艾爾文·史密斯,團長,BANDAI SPIRITS,¥850,2022-08-20,一番賞;BANDAI SPIRITS;公仔,,https://1kuji.com/products/shingeki2022
進擊的巨人,一番賞 進擊的巨人～自由的代價～,2022,壓克力吊飾,配戴隨身類,吊飾,G賞,約翰·基爾休坦;柯尼·史普林格;莎夏·布勞斯,讓讓子;;白薯女,BANDAI SPIRITS,¥850,2022-08-20,一番賞;BANDAI SPIRITS;盲抽,,https://1kuji.com/products/shingeki2022
進擊的巨人,MAPPA SHOWCASE 進擊的巨人The Final Season,2022,原畫明信片套組,紙製/影像類,明信片,,艾連·葉卡;米卡莎·阿卡曼;阿爾敏·亞魯雷特,艾主席;;,MAPPA,¥1100,2022-02-15,明信片;MAPPA;原畫,,https://mappa-onlineshop.com/products/snk_2022_postcards
進擊的巨人,MAPPA SHOWCASE 進擊的巨人The Final Season,2022,艾連 記憶的碎片 托特包,包袋類,托特包,,艾連·葉卡,艾主席,MAPPA,¥3300,2022-02-15,托特包;MAPPA,,https://mappa-onlineshop.com/products/snk_2022_bag
進擊的巨人,POP UP PARADE,2022,POP UP PARADE 艾連·葉卡 進擊的巨人Ver.,立體公仔類,公仔,,艾連·葉卡,進擊的巨人;艾主席,Good Smile Company,¥4800,2022-06-30,POP UP PARADE;GSC;不可動,,https://www.goodsmile.info/zh/product/2022eren_titan/
進擊的巨人,POP UP PARADE,2022,POP UP PARADE 里維,立體公仔類,公仔,,里維·阿卡曼,兵長,Good Smile Company,¥4800,2022-07-31,POP UP PARADE;GSC;不可動,,https://www.goodsmile.info/zh/product/2022levi/
進擊的巨人,進擊的巨人×三麗鷗家族,2022,聯名壓克力立牌 里維×酷企鵝,生活雜貨類,立牌,,里維·阿卡曼,兵長,Movic,¥1650,2022-09-10,聯名;三麗鷗;立牌,,https://www.movic.jp/shop/g/g02150-sanrio-levi/
進擊的巨人,進擊的巨人×三麗鷗家族,2022,聯名壓克力立牌 艾連×布丁狗,生活雜貨類,立牌,,艾連·葉卡,艾主席,Movic,¥1650,2022-09-10,聯名;三麗鷗;立牌,,https://www.movic.jp/shop/g/g02150-sanrio-eren/
進擊的巨人,USJ 日本環球影城～進擊的巨人XR乘車遊～,2022,調查兵團 筆記本,紙製/影像類,筆記本,,艾連·葉卡;里維·阿卡曼;艾爾文·史密斯,;兵長;團長,USJ,¥1200,2022-03-04,環球影城;USJ限定;文具,,https://www.usj.co.jp/web/ja/jp
進擊的巨人,扭蛋 進擊的巨人～立體機動裝置～,2021,立體機動裝置 1/12 比例模型,立體公仔類,扭蛋公仔,,艾連·葉卡;米卡莎·阿卡曼;阿爾敏·亞魯雷特;里維·阿卡曼,,,,BANDAI,¥500,2021-11-20,扭蛋;萬代;武器模型
進擊的巨人,一番賞 進擊的巨人～調查兵團的覺悟～,2021,漢吉·佐耶 模型公仔,立體公仔類,公仔,C賞,漢吉·佐耶,團長;分隊長,BANDAI SPIRITS,¥800,2021-08-25,一番賞;BANDAI SPIRITS;公仔,,https://1kuji.com/products/shingeki2021
進擊的巨人,進擊的巨人The Final Season Blu-ray,2021,The Final Season 第1卷 特典壓克力板,生活雜貨類,立牌,,艾連·葉卡;萊納·布朗,艾主席;鎧甲巨人,Pony Canyon,非賣品,2021-07-07,藍光特典;非賣品;壓克力,,https://shingeki.tv/final/product/
進擊的巨人,一番賞 進擊的巨人～獸之巨人的絕望～,2020,艾爾文·史密斯 模型公仔,立體公仔類,公仔,A賞,艾爾文·史密斯,團長,BANDAI SPIRITS,¥800,2020-10-15,一番賞;BANDAI SPIRITS;公仔,,https://1kuji.com/products/shingeki2020
進擊的巨人,一番賞 進擊的巨人～獸之巨人的絕望～,2020,里維·阿卡曼 模型公仔,立體公仔類,公仔,B賞,里維·阿卡曼,兵長,BANDAI SPIRITS,¥800,2020-10-15,一番賞;BANDAI SPIRITS;公仔,,https://1kuji.com/products/shingeki2020
進擊的巨人,一番賞 進擊的巨人～獸之巨人的絕望～,2020,調查兵團徽章 壓克力吊飾,配戴隨身類,吊飾,F賞,艾連·葉卡;米卡莎·阿卡曼;阿爾敏·亞魯雷特;里維·阿卡曼;艾爾文·史密斯;漢吉·佐耶,艾主席;;;兵長;團長;分隊長,BANDAI SPIRITS,¥800,2020-10-15,一番賞;BANDAI SPIRITS;盲抽,,https://1kuji.com/products/shingeki2020
進擊的巨人,黏土人 進擊的巨人,2020,黏土人 艾爾文·史密斯,立體公仔類,公仔,,艾爾文·史密斯,團長,Good Smile Company,¥5500,2020-04-30,黏土人;GSC;可動公仔,https://images.goodsmile.info/nendoroid_erwin.jpg,https://www.goodsmile.info/zh/product/2020erwin/
進擊的巨人,USJ 日本環球影城～進擊的巨人XR乘車遊～,2020,調查兵團夾克,服裝類,外套,,艾連·葉卡;米卡莎·阿卡曼;阿爾敏·亞魯雷特;里維·阿卡曼,艾主席;;;兵長,USJ,¥7500,2020-01-21,環球影城;USJ限定;服裝,,https://www.usj.co.jp/web/ja/jp
進擊的巨人,進擊的巨人～WIT STUDIO 感謝祭～,2020,紀念壓克力立牌 艾連,生活雜貨類,立牌,,艾連·葉卡,艾主席,WIT STUDIO,¥1500,2020-05-20,WIT STUDIO;壓克力立牌;限定,,https://witstudio.co.jp/products/snk_2020_eren
進擊的巨人,進擊的巨人～WIT STUDIO 感謝祭～,2020,紀念壓克力立牌 里維,生活雜貨類,立牌,,里維·阿卡曼,兵長,WIT STUDIO,¥1500,2020-05-20,WIT STUDIO;壓克力立牌;限定,,https://witstudio.co.jp/products/snk_2020_levi
進擊的巨人,扭蛋 進擊的巨人～人物收藏～,2019,坐姿公仔 艾連,立體公仔類,扭蛋公仔,,艾連·葉卡,艾主席,BANDAI,¥300,2019-09-10,扭蛋;萬代;坐姿,,https://gashapon.jp/products/2019-eren
進擊的巨人,扭蛋 進擊的巨人～人物收藏～,2019,坐姿公仔 漢吉,立體公仔類,扭蛋公仔,,漢吉·佐耶,團長;分隊長,BANDAI,¥300,2019-09-10,扭蛋;萬代;坐姿,,https://gashapon.jp/products/2019-hange
進擊的巨人,一番賞 進擊的巨人～巨人侵襲～,2019,壓克力杯墊 艾連與里維,生活雜貨類,杯墊,G賞,艾連·葉卡;里維·阿卡曼,艾主席;兵長,BANDAI SPIRITS,¥750,2019-12-05,一番賞;BANDAI SPIRITS;杯墊,,https://1kuji.com/products/shingeki2019
進擊的巨人,figma 進擊的巨人,2019,figma 艾爾文·史密斯,立體公仔類,公仔,,艾爾文·史密斯,團長,Max Factory,¥11815,2019-04-30,figma;可動公仔;Max Factory,https://images.goodsmile.info/figma_erwin.jpg,https://www.goodsmile.info/zh/product/2019figma_erwin/
進擊的巨人,進擊的巨人～日田市聯名～,2019,銅像落成紀念 帆布袋,包袋類,帆布袋,,艾連·葉卡;米卡莎·阿卡曼;阿爾敏·亞魯雷特,艾主席;;,日田市觀光協會,¥2000,2019-11-08,日田市;大分縣;聯名商品,,https://hita-snk.com/products/2019bag
進擊的巨人,進擊的巨人×東武動物公園,2020,聯名徽章 獸之巨人,配戴隨身類,徽章,,吉克·葉卡,獸之巨人,東武動物公園,¥500,2020-08-15,東武動物公園;聯名;盲抽,,https://tobuzoo.com/snk/2020badge_zeke
進擊的巨人,進擊的巨人×東武動物公園,2020,聯名徽章 里維,配戴隨身類,徽章,,里維·阿卡曼,兵長,東武動物公園,¥500,2020-08-15,東武動物公園;聯名;盲抽,,https://tobuzoo.com/snk/2020badge_levi
進擊的巨人,黏土人 進擊的巨人,2018,黏土人 里維 打掃Ver.,立體公仔類,公仔,,里維·阿卡曼,兵長,Good Smile Company,¥4500,2018-06-30,黏土人;GSC;可動公仔;打掃,,https://www.goodsmile.info/zh/product/
進擊的巨人,一番賞 進擊的巨人～呼喚你的名字～,2018,里維·阿卡曼 模型公仔,立體公仔類,公仔,B賞,里維·阿卡曼,兵長,BANDAI SPIRITS,¥750,2018-08-25,一番賞;BANDAI SPIRITS;公仔,,https://1kuji.com/products/
進擊的巨人,一番賞 進擊的巨人～呼喚你的名字～,2018,艾連·葉卡 模型公仔,立體公仔類,公仔,A賞,艾連·葉卡,艾主席,BANDAI SPIRITS,¥750,2018-08-25,一番賞;BANDAI SPIRITS;公仔,,https://1kuji.com/products/
進擊的巨人,進擊的巨人×animate cafe,2018,聯名壓克力立牌 艾連,生活雜貨類,立牌,,艾連·葉卡,艾主席,animate,¥1200,2018-10-15,animate;cafe;立牌,,https://cafe.animate.co.jp/
進擊的巨人,進擊的巨人×animate cafe,2018,聯名壓克力立牌 里維,生活雜貨類,立牌,,里維·阿卡曼,兵長,animate,¥1200,2018-10-15,animate;cafe;立牌,,https://cafe.animate.co.jp/
進擊的巨人,figma 進擊的巨人,2018,figma 漢吉·佐耶,立體公仔類,公仔,,漢吉·佐耶,團長;分隊長,Max Factory,¥8148,2018-09-30,figma;可動公仔;Max Factory,,https://www.goodsmile.info/
進擊的巨人,進擊的巨人 漫畫特裝版,2018,第26卷 特裝版附錄 艾連與里維 小冊子,出版品類,小冊子,,艾連·葉卡;里維·阿卡曼,艾主席;兵長,講談社,¥1050,2018-08-09,特裝版;附錄;漫畫,,https://kc.kodansha.co.jp/
進擊的巨人,進擊的巨人 漫畫特裝版,2018,第24卷 特裝版附錄 亞妮外傳 DVD,影音類,DVD,,亞妮·雷恩哈特,女巨人,講談社,¥3000,2018-04-09,特裝版;附錄;DVD;OAD,,https://kc.kodansha.co.jp/
進擊的巨人,USJ 日本環球影城～進擊的巨人 THE REAL～,2017,立體機動裝置 水壺,生活雜貨類,水壺,,艾連·葉卡;米卡莎·阿卡曼;阿爾敏·亞魯雷特;里維·阿卡曼,,,,USJ,¥3200,2017-01-13,環球影城;USJ限定;水壺
進擊的巨人,一番賞 進擊的巨人～進擊的軌跡～,2017,大浴巾,生活雜貨類,毛巾,C賞,艾連·葉卡;里維·阿卡曼;艾爾文·史密斯,艾主席;兵長;團長,BANPRESTO,¥620,2017-04-15,一番賞;浴巾,,https://1kuji.com/
進擊的巨人,一番賞 進擊的巨人～進擊的軌跡～,2017,軟膠吊飾,配戴隨身類,吊飾,H賞,約翰·基爾休坦;馬可·波特;莎夏·布勞斯,讓讓子;;白薯女,BANPRESTO,¥620,2017-04-15,一番賞;盲抽;軟膠,,https://1kuji.com/
進擊的巨人,BRAVE-ACT,2017,BRAVE-ACT 1/8 里維,立體公仔類,公仔,,里維·阿卡曼,兵長,千值練,¥12000,2017-12-30,千值練;比例公仔,,https://sen-ti-nel.co.jp/
進擊的巨人,BRAVE-ACT,2017,BRAVE-ACT 1/8 艾爾文·史密斯,立體公仔類,公仔,,艾爾文·史密斯,團長,千值練,¥13500,2017-11-30,千值練;比例公仔,,https://sen-ti-nel.co.jp/
進擊的巨人,進擊的巨人×Lawson,2017,聯名資料夾 艾連與里維,紙製/影像類,資料夾,,艾連·葉卡;里維·阿卡曼,艾主席;兵長,Lawson,非賣品,2017-05-15,Lawson;聯名;資料夾;滿額贈,,https://www.lawson.co.jp/
進擊的巨人,BRAVE-ACT,2016,BRAVE-ACT 1/8 里維 打掃版,立體公仔類,公仔,,里維·阿卡曼,兵長,千值練,¥9200,2016-01-31,千值練;比例公仔;打掃,,https://sen-ti-nel.co.jp/
進擊的巨人,一番賞 進擊的巨人～邁向自由的進擊～,2015,艾連·葉卡 模型公仔,立體公仔類,公仔,A賞,艾連·葉卡,艾主席,BANPRESTO,¥620,2015-12-10,一番賞;BANPRESTO;公仔,,https://1kuji.com/
進擊的巨人,一番賞 進擊的巨人～邁向自由的進擊～,2015,里維·阿卡曼 模型公仔,立體公仔類,公仔,B賞,里維·阿卡曼,兵長,BANPRESTO,¥620,2015-12-10,一番賞;BANPRESTO;公仔,,https://1kuji.com/
進擊的巨人,一番賞 進擊的巨人～邁向自由的進擊～,2015,自由之翼 玻璃杯,生活雜貨類,杯子,F賞,艾連·葉卡;里維·阿卡曼,艾主席;兵長,BANPRESTO,¥620,2015-12-10,一番賞;BANPRESTO;玻璃杯,,https://1kuji.com/
進擊的巨人,黏土人 進擊的巨人,2015,黏土人 超大型巨人 & 進擊的遊玩套組,立體公仔類,公仔,,超大型巨人,,Good Smile Company,¥4800,2015-03-30,黏土人;GSC;場景組,,https://www.goodsmile.info/
進擊的巨人,ARTFX J,2015,ARTFX J 艾連·葉卡,立體公仔類,公仔,,艾連·葉卡,艾主席,壽屋,¥11000,2015-04-30,壽屋;比例公仔,,https://www.kotobukiya.co.jp/
進擊的巨人,ARTFX J,2016,ARTFX J 米卡莎·阿卡曼,立體公仔類,公仔,,米卡莎·阿卡曼,,壽屋,¥12000,2016-02-28,壽屋;比例公仔,,https://www.kotobukiya.co.jp/
進擊的巨人,進擊的巨人 漫畫特裝版,2015,第16卷 特裝版附錄 無悔的選擇 後篇 DVD,影音類,DVD,,里維·阿卡曼;艾爾文·史密斯,兵長;團長,講談社,¥2848,2015-04-09,特裝版;附錄;DVD;OAD,,https://kc.kodansha.co.jp/
進擊的巨人,進擊的巨人 漫畫特裝版,2014,第15卷 特裝版附錄 無悔的選擇 前篇 DVD,影音類,DVD,,里維·阿卡曼;法蘭·卻區;伊莎貝爾·馬格諾利亞,兵長,講談社,¥2848,2014-12-09,特裝版;附錄;DVD;OAD,,https://kc.kodansha.co.jp/
進擊的巨人,USJ 日本環球影城～進擊的巨人 THE REAL～,2016,自由之翼 披風,服裝類,外套,,艾連·葉卡;里維·阿卡曼,艾主席;兵長,USJ,¥6500,2016-01-15,環球影城;USJ限定;服裝,,https://www.usj.co.jp/
進擊的巨人,景品 Master Stars Piece,2015,MSP 里維,立體公仔類,景品公仔,,里維·阿卡曼,兵長,BANPRESTO,非賣品,2015-07-20,景品;MSP;BANPRESTO,,https://bsp-prize.jp/
進擊的巨人,景品 Master Stars Piece,2015,MSP 艾連·葉卡,立體公仔類,景品公仔,,艾連·葉卡,艾主席,BANPRESTO,非賣品,2015-08-20,景品;MSP;BANPRESTO,,https://bsp-prize.jp/
進擊的巨人,扭蛋 進擊的巨人～桌面防衛戰～,2016,桌面公仔 艾連,立體公仔類,扭蛋公仔,,艾連·葉卡,艾主席,BANDAI,¥300,2016-04-15,扭蛋;萬代;桌面公仔,,https://gashapon.jp/
進擊的巨人,扭蛋 進擊的巨人～桌面防衛戰～,2016,桌面公仔 超大型巨人,立體公仔類,扭蛋公仔,,超大型巨人,,BANDAI,¥300,2016-04-15,扭蛋;萬代;桌面公仔,,https://gashapon.jp/
進擊的巨人,figma 進擊的巨人,2014,figma 米卡莎·阿卡曼,立體公仔類,公仔,,米卡莎·阿卡曼,,Max Factory,¥4907,2014-01-31,figma;可動公仔;Max Factory,https://images.goodsmile.info/figma_mikasa.jpg,https://www.goodsmile.info/zh/product/
進擊的巨人,figma 進擊的巨人,2014,figma 艾連·葉卡,立體公仔類,公仔,,艾連·葉卡,艾主席,Max Factory,¥4907,2014-04-30,figma;可動公仔;Max Factory,https://images.goodsmile.info/figma_eren.jpg,https://www.goodsmile.info/zh/product/
進擊的巨人,figma 進擊的巨人,2014,figma 里維,立體公仔類,公仔,,里維·阿卡曼,兵長,Max Factory,¥4907,2014-06-30,figma;可動公仔;Max Factory,https://images.goodsmile.info/figma_levi.jpg,https://www.goodsmile.info/zh/product/
進擊的巨人,黏土人 進擊的巨人,2014,黏土人 米卡莎·阿卡曼,立體公仔類,公仔,,米卡莎·阿卡曼,,Good Smile Company,¥4000,2014-01-31,黏土人;GSC;可動公仔,https://images.goodsmile.info/nendoroid_mikasa.jpg,https://www.goodsmile.info/zh/product/
進擊的巨人,黏土人 進擊的巨人,2013,黏土人 超大型巨人,立體公仔類,公仔,,超大型巨人,,Good Smile Company,¥4000,2013-12-30,黏土人;GSC;可動公仔,https://images.goodsmile.info/nendoroid_colossal.jpg,https://www.goodsmile.info/zh/product/
進擊的巨人,一番賞 進擊的巨人～飛吧！調查兵團～,2014,里維·阿卡曼 模型公仔,立體公仔類,公仔,A賞,里維·阿卡曼,兵長,BANPRESTO,¥600,2014-08-10,一番賞;BANPRESTO;公仔,,https://1kuji.com/
進擊的巨人,一番賞 進擊的巨人～壁外調查～,2013,米卡莎·阿卡曼 模型公仔,立體公仔類,公仔,A賞,米卡莎·阿卡曼,,BANPRESTO,¥600,2013-05-25,一番賞;BANPRESTO;公仔,,https://1kuji.com/
進擊的巨人,一番賞 進擊的巨人～壁外調查～,2013,艾連·葉卡 模型公仔,立體公仔類,公仔,B賞,艾連·葉卡,艾主席,BANPRESTO,¥600,2013-05-25,一番賞;BANPRESTO;公仔,,https://1kuji.com/
進擊的巨人,進擊的巨人×Lawson,2013,聯名資料夾 艾連,紙製/影像類,資料夾,,艾連·葉卡,艾主席,Lawson,非賣品,2013-08-15,Lawson;聯名;資料夾;滿額贈,,https://www.lawson.co.jp/
進擊的巨人,扭蛋 進擊的巨人～Q版人物～,2013,Q版公仔 里維,立體公仔類,扭蛋公仔,,里維·阿卡曼,兵長,BANDAI,¥200,2013-10-15,扭蛋;萬代;Q版公仔,,https://gashapon.jp/
進擊的巨人,扭蛋 進擊的巨人～Q版人物～,2013,Q版公仔 艾連,立體公仔類,扭蛋公仔,,艾連·葉卡,艾主席,BANDAI,¥200,2013-10-15,扭蛋;萬代;Q版公仔,,https://gashapon.jp/
進擊的巨人,進擊的巨人 動畫Blu-ray,2013,第1卷 初回限定版,影音類,藍光光碟,,艾連·葉卡;米卡莎·阿卡曼;阿爾敏·亞魯雷特,艾主席;;,Pony Canyon,¥6300,2013-07-17,BD;初回限定版;Pony Canyon,,https://shingeki.tv/season1/
進擊的巨人,進擊的巨人 動畫Blu-ray,2013,第2卷 初回限定版,影音類,藍光光碟,,里維·阿卡曼;艾爾文·史密斯,兵長;團長,Pony Canyon,¥6300,2013-08-21,BD;初回限定版;Pony Canyon,,https://shingeki.tv/season1/
進擊的巨人,進擊的巨人 主題曲CD,2013,自由向陽/紅蓮的弓矢 CD,影音類,CD,,艾連·葉卡;米卡莎·阿卡曼,艾主席;,Pony Canyon,¥1200,2013-07-10,CD;主題曲;Linked Horizon,,https://shingeki.tv/season1/
進擊的巨人,Movic 進擊的巨人,2013,調查兵團披風,服裝類,披風,,艾連·葉卡;米卡莎·阿卡曼;阿爾敏·亞魯雷特;里維·阿卡曼;艾爾文·史密斯;漢吉·佐耶,艾主席;;;兵長;團長;分隊長,Movic,¥6090,2013-09-15,Movic;披風;Cosplay,,https://www.movic.jp/
進擊的巨人,黏土人 進擊的巨人,2023,黏土人 亞妮·雷恩哈特,立體公仔類,公仔,,亞妮·雷恩哈特,女巨人;亞妮,Good Smile Company,¥6100,2023-08-30,黏土人;GSC;可動公仔,https://images.goodsmile.info/nendoroid_annie.jpg,https://www.goodsmile.info/
進擊的巨人,黏土人 進擊的巨人,2023,黏土人 約翰·基爾休坦,立體公仔類,公仔,,約翰·基爾休坦,讓讓子;約翰,Good Smile Company,¥6100,2023-07-31,黏土人;GSC;可動公仔,,https://www.goodsmile.info/
進擊的巨人,figma 進擊的巨人,2014,figma 阿爾敏·亞魯雷特,立體公仔類,公仔,,阿爾敏·亞魯雷特,,Max Factory,¥4907,2014-02-28,figma;可動公仔;Max Factory,,https://www.goodsmile.info/
進擊的巨人,進擊的巨人×三麗鷗家族,2022,聯名壓克力立牌 艾爾文×Hello Kitty,生活雜貨類,立牌,,艾爾文·史密斯,團長,Movic,¥1650,2022-09-10,聯名;三麗鷗;立牌,,https://www.movic.jp/
進擊的巨人,進擊的巨人×三麗鷗家族,2022,聯名壓克力立牌 漢吉×大耳狗,生活雜貨類,立牌,,漢吉·佐耶,團長;分隊長,Movic,¥1650,2022-09-10,聯名;三麗鷗;立牌,,https://www.movic.jp/
進擊的巨人,進擊的巨人×極樂湯,2021,聯名毛巾 里維,生活雜貨類,毛巾,,里維·阿卡曼,兵長,極樂湯,¥880,2021-02-10,極樂湯;溫泉;毛巾,,https://rakuspa.com/
進擊的巨人,進擊的巨人×極樂湯,2021,聯名壓克力立牌 艾連,生活雜貨類,立牌,,艾連·葉卡,艾主席,極樂湯,¥1760,2021-02-10,極樂湯;溫泉;立牌,,https://rakuspa.com/
進擊的巨人,進擊的巨人×GARRACK,2024,智慧型手錶 艾連款,配戴隨身類,手錶,,艾連·葉卡,艾主席,GARRACK,¥35200,2024-05-15,智慧手錶;GARRACK;聯名,,https://www.garrack.jp/
進擊的巨人,進擊的巨人×GARRACK,2024,智慧型手錶 里維款,配戴隨身類,手錶,,里維·阿卡曼,兵長,GARRACK,¥35200,2024-05-15,智慧手錶;GARRACK;聯名,,https://www.garrack.jp/
進擊的巨人,進擊的巨人 漫畫特裝版,2013,第11卷 特裝版附錄 3D貼紙與明信片,紙製/影像類,明信片,,艾連·葉卡;米卡莎·阿卡曼;阿爾敏·亞魯雷特,艾主席;;,講談社,¥1200,2013-08-09,特裝版;附錄;漫畫,,https://kc.kodansha.co.jp/
進擊的巨人,進擊的巨人 漫畫特裝版,2013,第12卷 特裝版附錄 伊爾賽的手冊 DVD,影音類,DVD,,里維·阿卡曼;漢吉·佐耶;伊爾賽·蘭納,兵長;分隊長;,講談社,¥2980,2013-12-09,特裝版;附錄;DVD;OAD,,https://kc.kodansha.co.jp/
進擊的巨人,進擊的巨人 The Final Season,2023,原畫徽章 盲抽第一彈,配戴隨身類,徽章,,艾連·葉卡;米卡莎·阿卡曼;阿爾敏·亞魯雷特;約翰·基爾休坦;莎夏·布勞斯;柯尼·史普林格;漢吉·佐耶;里維·阿卡曼,艾主席;;;讓讓子;白薯女;;分隊長;兵長,MAPPA,¥550,2023-03-20,MAPPA;盲抽;徽章,,https://mappa-onlineshop.com/
進擊的巨人,進擊的巨人 The Final Season,2023,瑪雷軍 臂章,配戴隨身類,臂章,,萊納·布朗;波爾柯·賈利亞德;皮克·芬格爾;吉克·葉卡,鎧甲巨人;顎之巨人;車力巨人;獸之巨人,Movic,¥1320,2023-05-10,臂章;瑪雷;Cosplay,,https://www.movic.jp/
進擊的巨人,扭蛋 進擊的巨人～睡覺中～,2022,睡眠公仔 萊納,立體公仔類,扭蛋公仔,,萊納·布朗,鎧甲巨人;萊納,BANDAI,¥400,2022-09-15,扭蛋;萬代;睡眠,,https://gashapon.jp/
進擊的巨人,扭蛋 進擊的巨人～睡覺中～,2022,睡眠公仔 波爾柯,立體公仔類,扭蛋公仔,,波爾柯·賈利亞德,顎之巨人;波克,BANDAI,¥400,2022-09-15,扭蛋;萬代;睡眠,,https://gashapon.jp/
進擊的巨人,primaniacs 角色香水,2020,角色香水 艾連·葉卡,生活雜貨類,香水,,艾連·葉卡,艾主席,primaniacs,¥5959,2020-06-26,香水;primaniacs,,https://primaniacs.com/
進擊的巨人,primaniacs 角色香水,2020,角色香水 里維,生活雜貨類,香水,,里維·阿卡曼,兵長,primaniacs,¥5959,2020-06-26,香水;primaniacs,,https://primaniacs.com/
進擊的巨人,primaniacs 角色香水,2020,角色香水 艾爾文·史密斯,生活雜貨類,香水,,艾爾文·史密斯,團長,primaniacs,¥5959,2020-06-26,香水;primaniacs,,https://primaniacs.com/
進擊的巨人,U-TREASURE 聯名飾品,2021,調查兵團 徽章戒指,配戴隨身類,戒指,,艾連·葉卡;米卡莎·阿卡曼;阿爾敏·亞魯雷特;里維·阿卡曼;艾爾文·史密斯;漢吉·佐耶,艾主席;;;兵長;團長;分隊長,U-TREASURE,¥16500,2021-12-15,U-TREASURE;戒指;聯名飾品,,https://u-treasure.jp/
進擊的巨人,U-TREASURE 聯名飾品,2021,地下室的鑰匙 項鍊,配戴隨身類,項鍊,,艾連·葉卡;古利夏·葉卡,艾主席;,U-TREASURE,¥18700,2021-12-15,U-TREASURE;項鍊;聯名飾品,,https://u-treasure.jp/
進擊的巨人,官方公式書,2017,進擊的巨人 角色名鑑,出版品類,公式書,,艾連·葉卡;米卡莎·阿卡曼;阿爾敏·亞魯雷特;里維·阿卡曼;艾爾文·史密斯;漢吉·佐耶;萊納·布朗;貝爾托特·胡佛;亞妮·雷恩哈特;約翰·基爾休坦;馬可·波特;柯尼·史普林格;莎夏·布勞斯;赫里斯塔·蘭斯;尤米爾,艾主席;;;兵長;團長;分隊長;鎧甲巨人;超大型巨人;女巨人;讓讓子;;;白薯女;;,講談社,¥968,2017-08-09,公式書;角色名鑑;講談社,,https://kc.kodansha.co.jp/
進擊的巨人,官方公式書,2013,進擊的巨人 INSIDE 抗,出版品類,公式書,,艾連·葉卡;米卡莎·阿卡曼;阿爾敏·亞魯雷特;里維·阿卡曼;艾爾文·史密斯;漢吉·佐耶,艾主席;;;兵長;團長;分隊長,講談社,¥880,2013-04-09,公式書;導讀手冊;講談社,,https://kc.kodansha.co.jp/
進擊的巨人,景品 WCF 進擊的巨人,2015,WCF 兵長與馬,立體公仔類,景品公仔,,里維·阿卡曼,兵長,BANPRESTO,非賣品,2015-02-15,景品;WCF;BANPRESTO,,https://bsp-prize.jp/
進擊的巨人,景品 WCF 進擊的巨人,2015,WCF 艾連·葉卡,立體公仔類,景品公仔,,艾連·葉卡,艾主席,BANPRESTO,非賣品,2015-02-15,景品;WCF;BANPRESTO,,https://bsp-prize.jp/
進擊的巨人,MAPPA SHOWCASE 進擊的巨人The Final Season,2022,複製原畫 最終季主視覺,紙製/影像類,複製原畫,,艾連·葉卡;萊納·布朗;米卡莎·阿卡曼;阿爾敏·亞魯雷特;里維·阿卡曼;漢吉·佐耶;約翰·基爾休坦;柯尼·史普林格;莎夏·布勞斯,艾主席;鎧甲巨人;;;兵長;分隊長;讓讓子;;白薯女,MAPPA,¥22000,2022-11-20,MAPPA;複製原畫;高價收藏,,https://mappa-onlineshop.com/
進擊的巨人,進擊的巨人×DoCoMo,2023,立體機動裝置 造型行動電源,生活雜貨類,行動電源,,艾連·葉卡;米卡莎·阿卡曼;阿爾敏·亞魯雷特,艾主席;;,NTT DoCoMo,¥8500,2023-03-10,3C周邊;行動電源;聯名,,https://www.docomo.ne.jp/
進擊的巨人,扭蛋 進擊的巨人～膠囊橡膠吊飾～,2021,橡膠吊飾 里維,配戴隨身類,吊飾,,里維·阿卡曼,兵長,BANDAI,¥300,2021-06-15,扭蛋;萬代;橡膠吊飾,,https://gashapon.jp/
進擊的巨人,扭蛋 進擊的巨人～膠囊橡膠吊飾～,2021,橡膠吊飾 艾爾文,配戴隨身類,吊飾,,艾爾文·史密斯,團長,BANDAI,¥300,2021-06-15,扭蛋;萬代;橡膠吊飾,,https://gashapon.jp/
進擊的巨人,進擊的巨人 官方周邊,2022,自由之翼 電繡T恤,服裝類,T恤,,艾連·葉卡;米卡莎·阿卡曼;阿爾敏·亞魯雷特;里維·阿卡曼;艾爾文·史密斯;漢吉·佐耶,艾主席;;;兵長;團長;分隊長,Movic,¥3300,2022-07-20,Movic;服裝;T恤,,https://www.movic.jp/
進擊的巨人,一番賞 進擊的巨人～自由的代價～,2022,毛巾組 瑪雷篇,生活雜貨類,毛巾,E賞,萊納·布朗;波爾柯·賈利亞德;皮克·芬格爾;吉克·葉卡;法爾可·葛萊斯;賈碧·布朗,鎧甲巨人;顎之巨人;車力巨人;獸之巨人;;,BANDAI SPIRITS,¥850,2022-08-20,一番賞;毛巾;瑪雷,,https://1kuji.com/
進擊的巨人,進擊的巨人展FINAL,2019,主視覺 畫布板,紙製/影像類,畫布板,,艾連·葉卡;米卡莎·阿卡曼;阿爾敏·亞魯雷特;里維·阿卡曼,艾主席;;;兵長,官方,¥4400,2019-07-05,巨人展;畫布;原畫,,https://kyojinten.jp/
進擊的巨人,進擊的巨人展FINAL,2019,壓克力立牌 艾連,生活雜貨類,立牌,,艾連·葉卡,艾主席,官方,¥1650,2019-07-05,巨人展;立牌,,https://kyojinten.jp/
進擊的巨人,進擊的巨人展FINAL,2019,壓克力立牌 里維,生活雜貨類,立牌,,里維·阿卡曼,兵長,官方,¥1650,2019-07-05,巨人展;立牌,,https://kyojinten.jp/
進擊的巨人,景品 Q posket,2022,Q posket 里維,立體公仔類,景品公仔,,里維·阿卡曼,兵長,BANPRESTO,非賣品,2022-02-25,景品;Q posket;BANPRESTO,,https://bsp-prize.jp/
進擊的巨人,景品 Q posket,2022,Q posket 艾連·葉卡,立體公仔類,景品公仔,,艾連·葉卡,艾主席,BANPRESTO,非賣品,2022-01-20,景品;Q posket;BANPRESTO,,https://bsp-prize.jp/
進擊的巨人,景品 Q posket,2022,Q posket 阿爾敏·亞魯雷特,立體公仔類,景品公仔,,阿爾敏·亞魯雷特,,BANPRESTO,非賣品,2022-03-15,景品;Q posket;BANPRESTO,,https://bsp-prize.jp/
進擊的巨人,進擊的巨人 畫集,2024,進擊的巨人 畫集 FLY,出版品類,畫集,,艾連·葉卡;米卡莎·阿卡曼;阿爾敏·亞魯雷特;里維·阿卡曼;艾爾文·史密斯;漢吉·佐耶,艾主席;;;兵長;團長;分隊長,講談社,¥22000,2024-05-02,畫集;FLY;講談社;完全受注生產,,https://kc.kodansha.co.jp/
進擊的巨人,進擊的巨人 The Final Season,2021,地下室的鑰匙 復刻版項鍊,配戴隨身類,項鍊,,艾連·葉卡;古利夏·葉卡,艾主席;,Movic,¥1650,2021-04-10,項鍊;Movic;鑰匙,,https://www.movic.jp/
進擊的巨人,進擊的巨人×KIDDY LAND,2019,里維兵長 刺繡化妝包,包袋類,化妝包,,里維·阿卡曼,兵長,KIDDY LAND,¥2200,2019-02-16,KIDDY LAND;聯名;包包,,https://www.kiddyland.co.jp/
進擊的巨人,黏土人 Swacchao！,2022,黏土人 Swacchao！ 艾連·葉卡,立體公仔類,公仔,,艾連·葉卡,艾主席,Good Smile Company,¥3900,2022-12-30,黏土人;GSC;坐姿公仔,,https://www.goodsmile.info/
進擊的巨人,黏土人 Swacchao！,2022,黏土人 Swacchao！ 米卡莎·阿卡曼,立體公仔類,公仔,,米卡莎·阿卡曼,,Good Smile Company,¥3900,2022-12-30,黏土人;GSC;坐姿公仔,,https://www.goodsmile.info/
進擊的巨人,黏土人 Swacchao！,2022,黏土人 Swacchao！ 里維,立體公仔類,公仔,,里維·阿卡曼,兵長,Good Smile Company,¥3900,2022-12-30,黏土人;GSC;坐姿公仔,,https://www.goodsmile.info/
進擊的巨人,進擊的巨人×東武動物公園 第二彈,2023,聯名壓克力立牌 艾連與約翰,生活雜貨類,立牌,,艾連·葉卡;約翰·基爾休坦,艾主席;讓讓子,東武動物公園,¥1980,2023-10-15,東武動物公園;聯名;立牌,,https://tobuzoo.com/
進擊的巨人,進擊的巨人×東武動物公園 第二彈,2023,聯名壓克力立牌 里維與漢吉,生活雜貨類,立牌,,里維·阿卡曼;漢吉·佐耶,兵長;分隊長,東武動物公園,¥1980,2023-10-15,東武動物公園;聯名;立牌,,https://tobuzoo.com/
進擊的巨人,進擊的巨人 音樂盒,2023,The Final Season 音樂盒 惡魔之子,生活雜貨類,音樂盒,,艾連·葉卡,艾主席,MAPPA,¥5500,2023-08-20,音樂盒;MAPPA;惡魔之子,,https://mappa-onlineshop.com/
進擊的巨人,威化餅乾卡片 第1彈,2022,角色卡 艾連,紙製/影像類,收藏卡,,艾連·葉卡,艾主席,BANDAI,¥165,2022-02-14,威化卡;食玩;萬代,,https://www.bandai.co.jp/candy/
進擊的巨人,威化餅乾卡片 第1彈,2022,角色卡 里維,紙製/影像類,收藏卡,,里維·阿卡曼,兵長,BANDAI,¥165,2022-02-14,威化卡;食玩;萬代,,https://www.bandai.co.jp/candy/
進擊的巨人,威化餅乾卡片 第1彈,2022,隱藏卡 始祖巨人,紙製/影像類,收藏卡,,尤米爾·弗里茲;艾連·葉卡,始祖巨人;艾主席,BANDAI,¥165,2022-02-14,威化卡;食玩;隱藏版,,https://www.bandai.co.jp/candy/
進擊的巨人,animate限定 壓克力磚,2023,壓克力磚 最終季主視覺,生活雜貨類,壓克力磚,,艾連·葉卡;米卡莎·阿卡曼;阿爾敏·亞魯雷特;里維·阿卡曼;漢吉·佐耶;萊納·布朗;約翰·基爾休坦;柯尼·史普林格;皮克·芬格爾,艾主席;;;兵長;分隊長;鎧甲巨人;讓讓子;;車力巨人,animate,¥3300,2023-11-05,animate;壓克力磚;主視覺,,https://www.animate-onlineshop.jp/
進擊的巨人,animate限定 壓克力磚,2023,壓克力磚 艾連與吉克,生活雜貨類,壓克力磚,,艾連·葉卡;吉克·葉卡,艾主席;獸之巨人,animate,¥3300,2023-11-05,animate;壓克力磚;座標,,https://www.animate-onlineshop.jp/
進擊的巨人,萬代 扭蛋 戒指,2023,立體機動裝置 戒指,配戴隨身類,戒指,,艾連·葉卡;米卡莎·阿卡曼;阿爾敏·亞魯雷特;里維·阿卡曼,艾主席;;;兵長,BANDAI,¥400,2023-09-10,扭蛋;萬代;戒指,,https://gashapon.jp/
進擊的巨人,一番賞 進擊的巨人～地鳴～,2023,地鳴場景 公仔,立體公仔類,公仔,A賞,艾連·葉卡;尤米爾·弗里茲,艾主席;始祖巨人,BANDAI SPIRITS,¥850,2023-10-21,一番賞;公仔;地鳴,,https://1kuji.com/
進擊的巨人,一番賞 進擊的巨人～地鳴～,2023,艾連·葉卡 巨人化公仔,立體公仔類,公仔,B賞,艾連·葉卡,進擊的巨人;艾主席,BANDAI SPIRITS,¥850,2023-10-21,一番賞;公仔,,https://1kuji.com/
進擊的巨人,USJ 日本環球影城聯名,2022,調查兵團 馬克杯,生活雜貨類,馬克杯,,艾連·葉卡;米卡莎·阿卡曼;阿爾敏·亞魯雷特;里維·阿卡曼;艾爾文·史密斯;漢吉·佐耶,艾主席;;;兵長;團長;分隊長,USJ,¥2500,2022-03-04,USJ;環球影城;馬克杯,,https://www.usj.co.jp/
進擊的巨人,USJ 日本環球影城聯名,2022,立體機動裝置 造型爆米花桶,生活雜貨類,爆米花桶,,艾連·葉卡;里維·阿卡曼,艾主席;兵長,USJ,¥3800,2022-03-04,USJ;環球影城;爆米花桶,,https://www.usj.co.jp/
進擊的巨人,WIT STUDIO 原畫資料夾,2018,第三季 原畫資料夾 里維,紙製/影像類,資料夾,,里維·阿卡曼,兵長,WIT STUDIO,¥440,2018-10-15,WIT;原畫;資料夾,,https://witstudio.co.jp/
進擊的巨人,animate cafe 聯名,2018,限定壓克力杯墊 艾連,生活雜貨類,杯墊,,艾連·葉卡,艾主席,animate,非賣品,2018-08-10,animate cafe;杯墊;滿額贈,,https://cafe.animate.co.jp/
進擊的巨人,進擊的巨人×大分縣日田市,2021,聯名梅酒 兵長款,生活雜貨類,食品/飲料,,里維·阿卡曼,兵長,日田市,¥2200,2021-03-01,日田市;聯名;梅酒;大分縣,,https://shingeki-hita.com/
進擊的巨人,USJ 日本環球影城聯名,2017,調查兵團 專屬披風,服裝類,披風,,,,USJ,¥6500,2017-01-13,USJ;環球影城;服裝;調查兵團,,https://www.usj.co.jp/
進擊的巨人,I.G Store 角色生日企劃,2019,里維 生日紀念 項鍊,配戴隨身類,項鍊,,里維·阿卡曼,兵長,Production I.G,¥3850,2019-12-25,生日紀念;I.G Store;項鍊,,https://ig-store.jp/
進擊的巨人,I.G Store 角色生日企劃,2019,艾連 生日紀念 壓克力立牌,生活雜貨類,立牌,,艾連·葉卡,艾主席,Production I.G,¥1650,2019-03-30,生日紀念;I.G Store;立牌,,https://ig-store.jp/
進擊的巨人,進擊的巨人展FINAL,2019,調查兵團 托特包,包袋類,托特包,,,,官方,¥2500,2019-07-05,巨人展;包包;調查兵團,,https://kyojinten.jp/
進擊的巨人,BE@RBRICK 庫柏力克熊,2022,BE@RBRICK 超大型巨人 400%,立體公仔類,公仔,,貝爾托特·胡佛,超大型巨人,MEDICOM TOY,¥11000,2022-05-20,BE@RBRICK;庫柏力克熊;公仔,,http://www.medicomtoy.co.jp/
進擊的巨人,一番賞 進擊的巨人～地鳴～,2023,地鳴圖騰 玻璃杯,生活雜貨類,玻璃杯,H賞,,,BANDAI SPIRITS,¥850,2023-10-21,一番賞;玻璃杯,,https://1kuji.com/
進擊的巨人,進擊的巨人×歌舞伎,2023,歌舞伎聯名 壓克力立牌 里維,生活雜貨類,立牌,,里維·阿卡曼,兵長,松竹,¥1980,2023-10-06,歌舞伎;聯名;立牌,,https://www.shochiku.co.jp/
進擊的巨人,進擊的巨人×歌舞伎,2023,歌舞伎聯名 壓克力立牌 艾連,生活雜貨類,立牌,,艾連·葉卡,艾主席,松竹,¥1980,2023-10-06,歌舞伎;聯名;立牌,,https://www.shochiku.co.jp/
進擊的巨人,壽屋 ARTFX J,2021,ARTFX J 米卡莎·阿卡曼 更新套件版,立體公仔類,公仔,,米卡莎·阿卡曼,,KOTOBUKIYA,¥13200,2021-09-25,壽屋;ARTFX J;比例公仔,,https://www.kotobukiya.co.jp/
進擊的巨人,壽屋 ARTFX J,2021,ARTFX J 里維 更新套件版,立體公仔類,公仔,,里維·阿卡曼,兵長,KOTOBUKIYA,¥13200,2021-10-25,壽屋;ARTFX J;比例公仔,,https://www.kotobukiya.co.jp/
進擊的巨人,電視動畫 第一季 BD,2013,第一季 Blu-ray Vol.1,影音類,BD,,艾連·葉卡;米卡莎·阿卡曼,艾主席;,波麗佳音,¥6600,2013-07-17,BD;藍光;第一季,,https://shingeki.tv/
進擊的巨人,電視動畫 最終季 BD,2021,The Final Season Blu-ray 第1卷,影音類,BD,,艾連·葉卡;法爾可·葛萊斯;萊納·布朗,艾主席;;鎧甲巨人,波麗佳音,¥19800,2021-07-07,BD;藍光;MAPPA,,https://shingeki.tv/
進擊的巨人,GSC 黏土人配件系列,2024,黏土人配件 替換用臉部表情,立體公仔類,模型配件,,艾連·葉卡;米卡莎·阿卡曼;阿爾敏·亞魯雷特;里維·阿卡曼;艾爾文·史密斯;漢吉·佐耶,艾主席;;;兵長;團長;分隊長,Good Smile Company,¥400,2024-03-15,黏土人;GSC;盲抽配件,,https://www.goodsmile.info/
進擊的巨人,SuperGroupies 聯名,2022,聯名手錶 艾連·葉卡 款,配戴隨身類,手錶,,艾連·葉卡,艾主席,SuperGroupies,¥22000,2022-09-15,SuperGroupies;聯名;手錶,,https://www.super-groupies.com/
進擊的巨人,SuperGroupies 聯名,2022,聯名手錶 里維 款,配戴隨身類,手錶,,里維·阿卡曼,兵長,SuperGroupies,¥22000,2022-09-15,SuperGroupies;聯名;手錶,,https://www.super-groupies.com/
進擊的巨人,SuperGroupies 聯名,2022,聯名側背包 艾爾文 款,包袋類,側背包,,艾爾文·史密斯,團長,SuperGroupies,¥15400,2022-09-15,SuperGroupies;聯名;包包,,https://www.super-groupies.com/
進擊的巨人,SWEETS PARADISE 聯名咖啡廳,2021,Q版壓克力立牌 艾連,生活雜貨類,立牌,,艾連·葉卡,艾主席,SWEETS PARADISE,¥880,2021-04-16,SWEETS PARADISE;聯名;立牌;Q版,,https://www.sweets-paradise.jp/
進擊的巨人,SWEETS PARADISE 聯名咖啡廳,2021,Q版壓克力立牌 里維,生活雜貨類,立牌,,里維·阿卡曼,兵長,SWEETS PARADISE,¥880,2021-04-16,SWEETS PARADISE;聯名;立牌;Q版,,https://www.sweets-paradise.jp/
進擊的巨人,SWEETS PARADISE 聯名咖啡廳,2021,盲抽徽章,配戴隨身類,徽章,,艾連·葉卡;米卡莎·阿卡曼;阿爾敏·亞魯雷特;里維·阿卡曼;艾爾文·史密斯;漢吉·佐耶,艾主席;;;兵長;團長;分隊長,SWEETS PARADISE,¥440,2021-04-16,SWEETS PARADISE;聯名;徽章;盲抽,,https://www.sweets-paradise.jp/
進擊的巨人,baseyard tokyo 快閃店,2023,大壓克力立牌 里維,生活雜貨類,立牌,,里維·阿卡曼,兵長,baseyard tokyo,¥2200,2023-02-17,快閃店;baseyard tokyo;立牌,,https://www.palcloset.jp/
進擊的巨人,baseyard tokyo 快閃店,2023,大壓克力立牌 漢吉,生活雜貨類,立牌,,漢吉·佐耶,分隊長,baseyard tokyo,¥2200,2023-02-17,快閃店;baseyard tokyo;立牌,,https://www.palcloset.jp/
進擊的巨人,baseyard tokyo 快閃店,2023,主視覺資料夾組,紙製/影像類,資料夾,,艾連·葉卡;米卡莎·阿卡曼;阿爾敏·亞魯雷特;里維·阿卡曼;漢吉·佐耶,艾主席;;;兵長;分隊長,baseyard tokyo,¥1100,2023-02-17,快閃店;baseyard tokyo;資料夾,,https://www.palcloset.jp/
進擊的巨人,GARRACK 聯名,2024,Apple Watch 替換錶帶 調查兵團,配戴隨身類,手錶配件,,,,GARRACK,¥6600,2024-01-25,GARRACK;Apple Watch;錶帶,,https://www.garrack.jp/
進擊的巨人,SEIKO 聯名,2023,動畫10週年紀念錶,配戴隨身類,手錶,,艾連·葉卡,艾主席,SEIKO,¥54780,2023-11-06,SEIKO;聯名;手錶;10週年,,https://iei.jp/
進擊的巨人,唐吉訶德 聯名,2022,連帽T恤 艾連與里維,服裝類,服飾,,艾連·葉卡;里維·阿卡曼,艾主席;兵長,唐吉訶德,¥4389,2022-10-22,唐吉訶德;聯名;帽T,,https://www.donki.com/
進擊的巨人,唐吉訶德 聯名,2022,大浴巾,生活雜貨類,毛巾,,艾連·葉卡;里維·阿卡曼;艾爾文·史密斯;漢吉·佐耶,艾主席;兵長;團長;分隊長,唐吉訶德,¥3278,2022-10-22,唐吉訶德;聯名;浴巾,,https://www.donki.com/
進擊的巨人,東京 JOYPOLIS 聯名,2021,限定票卡夾,包袋類,票卡夾,,艾連·葉卡;里維·阿卡曼,艾主席;兵長,JOYPOLIS,¥1600,2021-07-20,JOYPOLIS;聯名;票卡夾,,https://tokyo-joypolis.com/
進擊的巨人,東京 JOYPOLIS 聯名,2021,盲抽壓克力鑰匙圈,配戴隨身類,鑰匙圈,,艾連·葉卡;米卡莎·阿卡曼;阿爾敏·亞魯雷特;里維·阿卡曼;艾爾文·史密斯,艾主席;;;兵長;團長,JOYPOLIS,¥800,2021-07-20,JOYPOLIS;聯名;鑰匙圈;盲抽,,https://tokyo-joypolis.com/
進擊的巨人,進擊的巨人×三麗鷗家族,2023,聯名玩偶 艾連×布丁狗,布娃娃類,玩偶,,艾連·葉卡,艾主席,官方,¥3300,2023-11-15,三麗鷗;聯名;布丁狗;玩偶,,https://sanrio-animestore-a3.jp/
進擊的巨人,進擊的巨人×三麗鷗家族,2023,聯名玩偶 里維×酷企鵝,布娃娃類,玩偶,,里維·阿卡曼,兵長,官方,¥3300,2023-11-15,三麗鷗;聯名;酷企鵝;玩偶,,https://sanrio-animestore-a3.jp/
進擊的巨人,figma,2014,figma 里維,立體公仔類,可動公仔,,里維·阿卡曼,兵長,Max Factory,¥5093,2014-06-25,figma;Max Factory;可動公仔;GSC,,https://www.goodsmile.info/
進擊的巨人,figma,2020,figma 艾爾文·史密斯,立體公仔類,可動公仔,,艾爾文·史密斯,團長,Max Factory,¥11000,2020-04-30,figma;Max Factory;可動公仔;GSC,,https://www.goodsmile.info/
進擊的巨人,Primaniacs 角色香水,2018,角色香水 漢吉·佐耶,生活雜貨類,香水,,漢吉·佐耶,分隊長,Primaniacs,¥5959,2018-10-26,香水;Primaniacs;角色香氛,,http://primaniacs.com/
進擊的巨人,交響音樂會 (Orchestra Concert),2021,交響音樂會 場刊,出版品類,場刊,,艾連·葉卡;米卡莎·阿卡曼;阿爾敏·亞魯雷特,艾主席;;,官方,¥2500,2021-08-22,音樂會;場刊;澤野弘之,,https://shingeki.tv/
進擊的巨人,交響音樂會 (Orchestra Concert),2021,音樂會限定 壓克力指揮棒立牌 艾連,生活雜貨類,立牌,,艾連·葉卡,艾主席,官方,¥1500,2021-08-22,音樂會;立牌;指揮家,,https://shingeki.tv/
進擊的巨人,進擊！巨人中學校,2016,巨人中學校 壓克力鑰匙圈 約翰,配戴隨身類,鑰匙圈,,約翰·基爾休坦,讓讓子,官方,¥880,2016-03-10,巨人中學校;衍生作;鑰匙圈,,https://kyojinchu.tv/
進擊的巨人,進擊的巨人 悔恨的選擇,2017,悔恨的選擇 全彩版 漫畫 (上),出版品類,漫畫,,里維·阿卡曼;艾爾文·史密斯;法蘭·卻奇;伊莎貝爾·馬格諾利亞,兵長;團長;;,講談社,¥990,2017-06-09,漫畫;悔恨的選擇;外傳;全彩版,,https://kc.kodansha.co.jp/
進擊的巨人,ENSKY 拼圖,2021,1000片拼圖 The Final Season 主視覺,生活雜貨類,拼圖,,艾連·葉卡;米卡莎·阿卡曼;阿爾敏·亞魯雷特;里維·阿卡曼;漢吉·佐耶;萊納·布朗,艾主席;;;兵長;分隊長;鎧甲巨人,ENSKY,¥3520,2021-02-15,拼圖;ENSKY;1000片;主視覺,,https://www.ensky.co.jp/
進擊的巨人,木棉花 台灣限定,2023,調查兵團 雙面連帽外套,服裝類,服飾,,,,木棉花,"NT$1,280",2023-01-27,木棉花;台灣限定;外套;調查兵團;動漫節,,https://www.e-muse.com.tw/
進擊的巨人,木棉花 台灣限定,2023,燙金 馬克杯 自由之翼,生活雜貨類,馬克杯,,,,木棉花,NT$350,2023-01-27,木棉花;台灣限定;馬克杯;自由之翼,,https://www.e-muse.com.tw/
進擊的巨人,台灣 悠遊卡 聯名,2023,巨人胸像 造型悠遊卡,配戴隨身類,電子票證,,艾連·葉卡,進擊的巨人;艾主席,悠遊卡公司,NT$899,2023-11-02,悠遊卡;台灣限定;立體卡;胸像,,https://www.easycard.com.tw/
進擊的巨人,黏土人系列,2014,黏土人 艾連·葉卡,立體公仔類,可動公仔,,艾連·葉卡,艾主席,Good Smile Company,¥4074,2014-04-10,黏土人;GSC;公仔,,https://www.goodsmile.info/
進擊的巨人,黏土人系列,2014,黏土人 米卡莎·阿卡曼,立體公仔類,可動公仔,,米卡莎·阿卡曼,,Good Smile Company,¥4074,2014-01-20,黏土人;GSC;公仔,,https://www.goodsmile.info/
進擊的巨人,黏土人系列,2014,黏土人 里維,立體公仔類,可動公仔,,里維·阿卡曼,兵長,Good Smile Company,¥4278,2014-06-25,黏土人;GSC;公仔,,https://www.goodsmile.info/
進擊的巨人,MAPPA 動畫製作資料集,2022,The Final Season 原畫集 第1卷,出版品類,畫集,,艾連·葉卡;萊納·布朗,艾主席;鎧甲巨人,MAPPA,¥3300,2022-03-15,MAPPA;原畫集;The Final Season,,https://mappa-onlineshop.com/
進擊的巨人,WIT STUDIO 動畫製作資料集,2014,電視動畫 第一季 設定資料集,出版品類,設定集,,艾連·葉卡;米卡莎·阿卡曼;阿爾敏·亞魯雷特;里維·阿卡曼,艾主席;;;兵長,WIT STUDIO,¥2200,2014-08-20,WIT;設定集;第一季,,https://witstudio.co.jp/
進擊的巨人,日清杯麵 聯名,2017,珍種謎肉 壓克力泡麵蓋 里維,生活雜貨類,泡麵蓋,,里維·阿卡曼,兵長,日清食品,非賣品,2017-06-12,日清;杯麵;聯名;抽獎景品,,https://www.nissin.com/
進擊的巨人,JINS PC 聯名電腦眼鏡,2014,艾連款式 電腦眼鏡,配戴隨身類,眼鏡,,艾連·葉卡,艾主席,JINS,¥4990,2014-03-05,JINS;眼鏡;聯名;PC眼鏡,,https://www.jins.com/
進擊的巨人,JINS PC 聯名電腦眼鏡,2014,里維款式 電腦眼鏡,配戴隨身類,眼鏡,,里維·阿卡曼,兵長,JINS,¥4990,2014-03-05,JINS;眼鏡;聯名;PC眼鏡,,https://www.jins.com/
進擊的巨人,木棉花 台灣限定,2022,燙金 大紙袋 自由之翼,包袋類,紙袋,,,,木棉花,NT$150,2022-02-10,木棉花;台灣限定;動漫節;提袋,,https://www.e-muse.com.tw/
進擊的巨人,一番賞 進擊的巨人～自由之翼～,2015,里維 兵長 公仔,立體公仔類,公仔,A賞,里維·阿卡曼,兵長,BANPRESTO,¥620,2015-08-15,一番賞;公仔;自由之翼,,https://1kuji.com/
進擊的巨人,一番賞 進擊的巨人～自由之翼～,2015,米卡莎 公仔,立體公仔類,公仔,B賞,米卡莎·阿卡曼,,BANPRESTO,¥620,2015-08-15,一番賞;公仔;自由之翼,,https://1kuji.com/
進擊的巨人,animate 滿額特典,2020,The Final Season 紀念明信片 約翰,紙製/影像類,明信片,,約翰·基爾休坦,讓讓子,animate,非賣品,2020-12-07,animate;特典;明信片,,https://www.animate-onlineshop.jp/
進擊的巨人,USJ 日本環球影城聯名,2019,調查兵團 造型水壺,生活雜貨類,水壺,,,,USJ,¥3200,2019-05-31,USJ;環球影城;水壺;調查兵團,,https://www.usj.co.jp/
進擊的巨人,壽屋 塑膠組裝模型,2017,艾連·葉卡 巨人Ver.,立體公仔類,組裝模型,,艾連·葉卡,艾主席;進擊的巨人,KOTOBUKIYA,¥4620,2017-02-15,壽屋;組裝模型;巨人化,,https://www.kotobukiya.co.jp/
進擊的巨人,MOVIC Kuma-mate,2014,Kuma-mate 熊熊玩偶 里維,布娃娃類,玩偶,,里維·阿卡曼,兵長,MOVIC,¥880,2014-08-21,MOVIC;Kuma-mate;玩偶,,https://www.movic.jp/
進擊的巨人,MOVIC Kuma-mate,2014,Kuma-mate 專屬替換服裝 調查兵團,服裝類,娃衣,,,,MOVIC,¥990,2014-08-21,MOVIC;Kuma-mate;娃衣;調查兵團,,https://www.movic.jp/
進擊的巨人,一番賞 進擊的巨人～飛舞於空中的調查兵團～,2014,艾爾文 騎馬公仔,立體公仔類,公仔,B賞,艾爾文·史密斯,團長,BANPRESTO,¥600,2014-08-09,一番賞;公仔;騎馬,,https://1kuji.com/
進擊的巨人,官方角色名鑑,2017,進擊的巨人 角色名鑑 FINAL,出版品類,公式書,,艾連·葉卡;米卡莎·阿卡曼;阿爾敏·亞魯雷特;里維·阿卡曼;艾爾文·史密斯;漢吉·佐耶,艾主席;;;兵長;團長;分隊長,講談社,¥990,2017-08-09,漫畫;公式書;設定資料,,https://kc.kodansha.co.jp/
進擊的巨人,漫畫特裝版附錄,2013,進擊的巨人 第12卷 特裝版附錄 OAD,影音類,DVD,,里維·阿卡曼;艾連·葉卡,兵長;艾主席,講談社,¥2980,2013-12-09,OAD;DVD;特裝版附錄;伊爾賽的手札,,https://kc.kodansha.co.jp/
進擊的巨人,黏土人系列,2014,黏土人 阿爾敏·亞魯雷特,立體公仔類,可動公仔,,阿爾敏·亞魯雷特,,Good Smile Company,¥4584,2014-10-30,黏土人;GSC;公仔,,https://www.goodsmile.info/
進擊的巨人,黏土人系列,2019,黏土人 漢吉·佐耶,立體公仔類,可動公仔,,漢吉·佐耶,分隊長,Good Smile Company,¥5500,2019-09-25,黏土人;GSC;公仔,,https://www.goodsmile.info/
進擊的巨人,萬代 扭蛋系列,2022,排排坐 睡眠公仔 艾連,立體公仔類,扭蛋,,艾連·葉卡,艾主席,BANDAI,¥400,2022-04-15,萬代;扭蛋;睡眠公仔,,https://gashapon.jp/
進擊的巨人,萬代 扭蛋系列,2022,排排坐 睡眠公仔 里維,立體公仔類,扭蛋,,里維·阿卡曼,兵長,BANDAI,¥400,2022-04-15,萬代;扭蛋;睡眠公仔,,https://gashapon.jp/
進擊的巨人,MOVIC 閱讀系列,2021,壓克力立牌 艾連 讀書Ver.,生活雜貨類,立牌,,艾連·葉卡,艾主席,MOVIC,¥1650,2021-11-05,MOVIC;立牌;讀書系列,,https://www.movic.jp/
進擊的巨人,MOVIC 閱讀系列,2021,壓克力立牌 里維 讀書Ver.,生活雜貨類,立牌,,里維·阿卡曼,兵長,MOVIC,¥1650,2021-11-05,MOVIC;立牌;讀書系列,,https://www.movic.jp/
進擊的巨人,台灣繁體中文版漫畫,2021,進擊的巨人 第34卷 首刷限定版,出版品類,漫畫,,艾連·葉卡;米卡莎·阿卡曼;阿爾敏·亞魯雷特,艾主席;;,東立出版社,NT$250,2021-10-08,東立;台灣版;漫畫;首刷限定,,https://www.tongli.com.tw/
進擊的巨人,台灣繁體中文版漫畫,2015,進擊的巨人 ANSWERS 公式漫迷手冊,出版品類,公式書,,艾連·葉卡;米卡莎·阿卡曼;阿爾敏·亞魯雷特;里維·阿卡曼;艾爾文·史密斯;漢吉·佐耶,艾主席;;;兵長;團長;分隊長,東立出版社,NT$130,2015-12-10,東立;台灣版;公式書,,https://www.tongli.com.tw/
進擊的巨人,animate cafe 聯名,2019,滿額特典 隨機杯墊,紙製/影像類,杯墊,,艾連·葉卡;里維·阿卡曼;米卡莎·阿卡曼;阿爾敏·亞魯雷特,艾主席;兵長;;,animate cafe,非賣品,2019-12-05,animate;聯名;杯墊;特典;盲抽,,https://cafe.animate.co.jp/
進擊的巨人,動畫 BD/DVD,2013,第一季 Blu-ray 第1卷,影音類,BD,,艾連·葉卡;米卡莎·阿卡曼,艾主席;,波麗佳音,¥6600,2013-07-17,BD;第一季;初推,,https://shingeki.tv/
進擊的巨人,USJ 日本環球影城聯名,2017,調查兵團 披風,服裝類,披風,,,,USJ,¥6500,2017-01-13,USJ;環球影城;披風;調查兵團,,https://www.usj.co.jp/
進擊的巨人,進擊的巨人展 FINAL,2019,公式圖錄 畫集,出版品類,畫集,,艾連·葉卡;米卡莎·阿卡曼;阿爾敏·亞魯雷特;里維·阿卡曼;艾爾文·史密斯;漢吉·佐耶,艾主席;;;兵長;團長;分隊長,官方,¥3300,2019-07-05,巨人展;畫集;公式圖錄,,https://www.kyojinten.jp/
進擊的巨人,進擊的巨人展 FINAL,2019,名言撲克牌,生活雜貨類,撲克牌,,艾連·葉卡;里維·阿卡曼;艾爾文·史密斯,艾主席;兵長;團長,官方,¥1650,2019-07-05,巨人展;撲克牌;名言,,https://www.kyojinten.jp/
進擊的巨人,Q posket,2022,Q posket 艾連·葉卡,立體公仔類,景品,,艾連·葉卡,艾主席,BANPRESTO,非賣品,2022-08-25,Q posket;景品;公仔,,https://bsp-prize.jp/
進擊的巨人,Q posket,2022,Q posket 里維·阿卡曼,立體公仔類,景品,,里維·阿卡曼,兵長,BANPRESTO,非賣品,2022-08-25,Q posket;景品;公仔,,https://bsp-prize.jp/
進擊的巨人,台灣 悠遊卡 聯名,2024,超大型巨人 裁型悠遊卡,配戴隨身類,電子票證,,貝爾托特·胡佛,超大型巨人;貝爾托特,悠遊卡公司,NT$399,2024-03-15,悠遊卡;台灣限定;平面卡,,https://www.easycard.com.tw/
進擊的巨人,台灣 一卡通 聯名,2024,進擊的巨人 特裝版 一卡通,配戴隨身類,電子票證,,艾連·葉卡;米卡莎·阿卡曼;阿爾敏·亞魯雷特,艾主席;;,一卡通公司,NT$250,2024-01-10,一卡通;台灣限定,,https://www.i-pass.com.tw/
進擊的巨人,黏土人系列,2014,黏土人 里維 掃除Ver.,立體公仔類,可動公仔,,里維·阿卡曼,兵長,Good Smile Company,¥4074,2014-07-27,黏土人;GSC;公仔;限定;掃除,,https://www.goodsmile.info/
進擊的巨人,黏土人系列,2018,黏土人 艾爾文·史密斯,立體公仔類,可動公仔,,艾爾文·史密斯,團長,Good Smile Company,¥4888,2018-01-25,黏土人;GSC;公仔,,https://www.goodsmile.info/
進擊的巨人,一番賞 進擊的巨人～獸之巨人戰～,2017,里維 軟膠吊飾,配戴隨身類,吊飾,F賞,里維·阿卡曼,兵長,BANPRESTO,¥620,2017-08-12,一番賞;吊飾;軟膠,,https://1kuji.com/
進擊的巨人,一番賞 進擊的巨人～獸之巨人戰～,2017,艾爾文 軟膠吊飾,配戴隨身類,吊飾,F賞,艾爾文·史密斯,團長,BANPRESTO,¥620,2017-08-12,一番賞;吊飾;軟膠,,https://1kuji.com/
進擊的巨人,U-TREASURE 聯名飾品,2021,里維 經典台詞 造型戒指,配戴隨身類,飾品,,里維·阿卡曼,兵長,U-TREASURE,¥16500,2021-12-25,U-TREASURE;聯名;戒指;銀飾,,https://u-treasure.jp/
進擊的巨人,U-TREASURE 聯名飾品,2021,艾連 經典台詞 造型戒指,配戴隨身類,飾品,,艾連·葉卡,艾主席,U-TREASURE,¥16500,2021-12-25,U-TREASURE;聯名;戒指;銀飾,,https://u-treasure.jp/
進擊的巨人,WIT STUDIO 徽章,2015,隨機徽章 第1彈 艾連,配戴隨身類,徽章,,艾連·葉卡,艾主席,WIT STUDIO,¥440,2015-05-10,盲抽;徽章;WIT,,https://witstudio.co.jp/
進擊的巨人,WIT STUDIO 徽章,2015,隨機徽章 第1彈 里維,配戴隨身類,徽章,,里維·阿卡曼,兵長,WIT STUDIO,¥440,2015-05-10,盲抽;徽章;WIT,,https://witstudio.co.jp/
進擊的巨人,SuperGroupies 聯名,2020,艾連·葉卡 款式 手錶,配戴隨身類,手錶,,艾連·葉卡,艾主席,SuperGroupies,¥19800,2020-09-15,SuperGroupies;聯名;手錶,,https://www.super-groupies.com/
進擊的巨人,SuperGroupies 聯名,2020,里維 款式 托特包,包袋類,托特包,,里維·阿卡曼,兵長,SuperGroupies,¥14080,2020-09-15,SuperGroupies;聯名;包包,,https://www.super-groupies.com/
進擊的巨人,MOVIC 武器模型,2015,1/1 立體機動裝置,立體公仔類,武器模型,,,,MOVIC,¥107800,2015-10-01,1/1;立體機動裝置;MOVIC;高價,,https://www.movic.jp/
進擊的巨人,animate cafe 聯名,2021,隨機壓克力立牌 漢吉,生活雜貨類,立牌,,漢吉·佐耶,分隊長,animate cafe,¥700,2021-06-23,animate;聯名;立牌;盲抽,,https://cafe.animate.co.jp/
進擊的巨人,animate cafe 聯名,2021,隨機壓克力立牌 萊納,生活雜貨類,立牌,,萊納·布朗,鎧甲巨人,animate cafe,¥700,2021-06-23,animate;聯名;立牌;盲抽,,https://cafe.animate.co.jp/
進擊的巨人,一番賞 進擊的巨人～地鳴～,2023,艾連 巨人化模型,立體公仔類,公仔,A賞,艾連·葉卡,艾主席;進擊的巨人,BANPRESTO,¥750,2023-11-20,一番賞;公仔;地鳴,,https://1kuji.com/
進擊的巨人,一番賞 進擊的巨人～地鳴～,2023,隨機毛巾 阿爾敏,生活雜貨類,毛巾,G賞,阿爾敏·亞魯雷特,,BANPRESTO,¥750,2023-11-20,一番賞;毛巾;地鳴,,https://1kuji.com/
進擊的巨人,台灣 統一超商 聯名,2022,巨人隨行杯,生活雜貨類,杯子,,艾連·葉卡;里維·阿卡曼,艾主席;兵長,統一超商,NT$699,2022-10-05,7-11;台灣限定;隨行杯,,https://www.7-11.com.tw/
進擊的巨人,台灣 統一超商 聯名,2022,造型抱枕 雙面,布娃娃類,抱枕,,,,統一超商,NT$899,2022-10-05,7-11;台灣限定;抱枕,,https://www.7-11.com.tw/
進擊的巨人,GSC 黏土娃,2022,黏土娃 艾連·葉卡,立體公仔類,可動公仔,,艾連·葉卡,艾主席,Good Smile Company,¥7500,2022-08-10,黏土娃;GSC;公仔,,https://www.goodsmile.info/
進擊的巨人,GSC 黏土娃,2022,黏土娃 專用服裝 調查兵團,服裝類,娃衣,,,,Good Smile Company,¥4500,2022-08-10,黏土娃;GSC;娃衣;調查兵團,,https://www.goodsmile.info/
進擊的巨人,兵長生日紀念,2021,里維 生日紀念 帆布畫,生活雜貨類,裝飾畫,,里維·阿卡曼,兵長,MAPPA,¥4400,2021-12-25,MAPPA;生日紀念;帆布畫,,https://mappa-onlineshop.com/
進擊的巨人,兵長生日紀念,2021,里維 生日紀念 壓克力立牌,生活雜貨類,立牌,,里維·阿卡曼,兵長,MAPPA,¥1870,2021-12-25,MAPPA;生日紀念;立牌,,https://mappa-onlineshop.com/
進擊的巨人,primaniacs 聯名香水,2018,角色專屬香水 艾連,生活雜貨類,香水,,艾連·葉卡,艾主席,primaniacs,¥5959,2018-10-26,primaniacs;香水;聯名,,https://primaniacs.com/
進擊的巨人,primaniacs 聯名香水,2018,角色專屬香水 里維,生活雜貨類,香水,,里維·阿卡曼,兵長,primaniacs,¥5959,2018-10-26,primaniacs;香水;聯名,,https://primaniacs.com/
進擊的巨人,POP UP PARADE,2021,POP UP PARADE 艾連·葉卡,立體公仔類,公仔,,艾連·葉卡,艾主席,Good Smile Company,¥3900,2021-12-15,PUP;GSC;公仔,,https://www.goodsmile.info/
進擊的巨人,Linked Horizon 音樂 CD,2013,自由への進撃,影音類,CD,,,,波麗佳音,¥1200,2013-07-10,LinkedHorizon;CD;OP;紅蓮的弓矢,,https://shingeki.tv/
進擊的巨人,base yard tokyo 聯名快閃店,2023,壓克力立牌 艾連,生活雜貨類,立牌,,艾連·葉卡,艾主席,base yard tokyo,¥1650,2023-02-15,快閃店;立牌;baseyard,,https://www.palcloset.jp/
進擊的巨人,base yard tokyo 聯名快閃店,2023,壓克力立牌 亞妮,生活雜貨類,立牌,,亞妮·雷恩哈特,女巨人,base yard tokyo,¥1650,2023-02-15,快閃店;立牌;baseyard,,https://www.palcloset.jp/
進擊的巨人,唐吉訶德 聯名,2022,隨機徽章,配戴隨身類,徽章,,艾連·葉卡;里維·阿卡曼;米卡莎·阿卡曼;阿爾敏·亞魯雷特,艾主席;兵長;;,Don Quijote,¥440,2022-05-28,唐吉訶德;盲抽;徽章,,https://www.ppihgroup.com/
進擊的巨人,Hobby Max 比例公仔,2021,1/7 比例公仔 里維,立體公仔類,比例公仔,,里維·阿卡曼,兵長,Hobby Max,¥16500,2021-08-10,HobbyMax;比例公仔;1/7,,https://www.hobbymax.net/
進擊的巨人,台灣 木棉花 漫博周邊,2023,調查兵團 壓克力鑰匙圈,配戴隨身類,鑰匙圈,,艾連·葉卡;里維·阿卡曼,艾主席;兵長,木棉花,NT$120,2023-07-27,木棉花;台灣限定;漫博;鑰匙圈,,https://www.e-muse.com.tw/
進擊的巨人,台灣 木棉花 漫博周邊,2023,The Final Season 電競滑鼠墊,生活雜貨類,滑鼠墊,,艾連·葉卡;米卡莎·阿卡曼;阿爾敏·亞魯雷特,艾主席;;,木棉花,NT$500,2023-07-27,木棉花;台灣限定;漫博;滑鼠墊,,https://www.e-muse.com.tw/
進擊的巨人,漫畫特裝版附錄,2021,進擊的巨人 第34卷 特裝版 Beginning 小冊子,出版品類,小冊子,,艾連·葉卡;米卡莎·阿卡曼;阿爾敏·亞魯雷特,艾主席;;,講談社,¥1100,2021-06-09,漫畫;特裝版附錄;小冊子;完結,,https://kc.kodansha.co.jp/
進擊的巨人,MAPPA 壓克力磚,2022,The Final Season 視覺圖 壓克力磚,生活雜貨類,壓克力磚,,艾連·葉卡;萊納·布朗,艾主席;鎧甲巨人,MAPPA,¥3300,2022-03-15,MAPPA;壓克力磚;主視覺,,https://mappa-onlineshop.com/
進擊的巨人,COSPA 服飾,2013,調查兵團 T恤,服裝類,T恤,,,,COSPA,¥3190,2013-09-10,COSPA;服飾;調查兵團,,https://cospa.co.jp/
進擊的巨人,COSPA 服飾,2014,調查兵團 連帽外套,服裝類,外套,,,,COSPA,¥16280,2014-12-15,COSPA;服飾;調查兵團;Cosplay,,https://cospa.co.jp/
進擊的巨人,MOVIC 資料夾,2015,A4 透明資料夾 艾連&里維,紙製/影像類,資料夾,,艾連·葉卡;里維·阿卡曼,艾主席;兵長,MOVIC,¥385,2015-04-20,MOVIC;資料夾;文具,,https://www.movic.jp/
進擊的巨人,三麗鷗聯名,2022,壓克力立牌 艾連×布丁狗,生活雜貨類,立牌,,艾連·葉卡,艾主席,Premium Bandai,¥1650,2022-10-15,三麗鷗;聯名;立牌;布丁狗,,https://p-bandai.jp/
進擊的巨人,三麗鷗聯名,2022,收納包 里維×酷企鵝,包袋類,收納包,,里維·阿卡曼,兵長,Premium Bandai,¥2200,2022-10-15,三麗鷗;聯名;化妝包;酷企鵝,,https://p-bandai.jp/
進擊的巨人,WIT STUDIO 原畫商品,2017,原畫明信片套組 第2季,紙製/影像類,明信片,,艾連·葉卡;米卡莎·阿卡曼;阿爾敏·亞魯雷特;里維·阿卡曼,艾主席;;;兵長,WIT STUDIO,¥1100,2017-08-10,WIT;原畫;明信片,,https://witstudio.co.jp/
進擊的巨人,Joypolis 聯名,2019,票卡夾 艾爾文,配戴隨身類,票卡夾,,艾爾文·史密斯,團長,Joypolis,¥1650,2019-12-19,Joypolis;聯名;票卡夾,,https://tokyo-joypolis.com/
進擊的巨人,一番賞 進擊的巨人～飛舞於空中的調查兵團～,2014,玻璃杯 里維,生活雜貨類,杯子,H賞,里維·阿卡曼,兵長,BANPRESTO,¥600,2014-08-09,一番賞;玻璃杯,,https://1kuji.com/
進擊的巨人,漫畫盒裝版,2021,進擊的巨人 漫畫全卷 收納盒,出版品類,收納盒,,,,講談社,¥2750,2021-06-09,漫畫;收納盒;完結紀念,,https://kc.kodansha.co.jp/
進擊的巨人,壽屋 ARTFX J,2021,1/8 比例公仔 里維 Fortitude Ver.,立體公仔類,比例公仔,,里維·阿卡曼,兵長,KOTOBUKIYA,¥16280,2021-11-25,壽屋;ARTFXJ;公仔;戰損,,https://www.kotobukiya.co.jp/
進擊的巨人,台灣 i-Ride 飛行劇院,2021,奪還之戰 飛行紀念徽章,配戴隨身類,徽章,,,,智崴資訊,NT$150,2021-03-12,i-Ride;台灣限定;徽章;遊樂設施,,https://www.iridetaipei.com/
進擊的巨人,台灣 i-Ride 飛行劇院,2021,飛行紀念 典藏明信片,紙製/影像類,明信片,,艾連·葉卡;里維·阿卡曼,艾主席;兵長,智崴資訊,NT$80,2021-03-12,i-Ride;台灣限定;明信片,,https://www.iridetaipei.com/
進擊的巨人,藏壽司 聯名扭蛋,2023,隨機徽章 艾連,配戴隨身類,徽章,,艾連·葉卡,艾主席,藏壽司,非賣品,2023-10-13,藏壽司;台灣限定;扭蛋;盲抽,,https://www.kurasushi.tw/
進擊的巨人,藏壽司 聯名扭蛋,2023,隨機壓克力吊飾 里維,配戴隨身類,吊飾,,里維·阿卡曼,兵長,藏壽司,非賣品,2023-10-13,藏壽司;台灣限定;扭蛋;盲抽,,https://www.kurasushi.tw/
進擊的巨人,Max Factory figma,2014,figma 艾連·葉卡,立體公仔類,可動公仔,,艾連·葉卡,艾主席,Max Factory,¥5093,2014-04-30,figma;公仔;GSC,,https://www.goodsmile.info/
進擊的巨人,Max Factory figma,2014,figma 米卡莎·阿卡曼,立體公仔類,可動公仔,,米卡莎·阿卡曼,,Max Factory,¥5093,2014-01-31,figma;公仔;GSC,,https://www.goodsmile.info/
進擊的巨人,Max Factory figma,2014,figma 里維,立體公仔類,可動公仔,,里維·阿卡曼,兵長,Max Factory,¥5093,2014-06-25,figma;公仔;GSC,,https://www.goodsmile.info/
進擊的巨人,進擊！巨人中學校,2015,動畫OP 青春は花火のように,影音類,CD,,,,波麗佳音,¥1500,2015-11-18,巨人中學校;CD;LinkedHorizon,,https://shingeki.tv/
進擊的巨人,進擊！巨人中學校,2015,Q版壓克力鑰匙圈 阿爾敏,配戴隨身類,鑰匙圈,,阿爾敏·亞魯雷特,,講談社,¥660,2015-12-10,巨人中學校;鑰匙圈;Q版,,https://kc.kodansha.co.jp/
進擊的巨人,MAPPA SHOWCASE,2020,主視覺 A4透明資料夾,紙製/影像類,資料夾,,艾連·葉卡;里維·阿卡曼,艾主席;兵長,MAPPA,¥440,2020-11-27,MAPPA;展覽限定;資料夾,,https://mappa-onlineshop.com/
進擊的巨人,MAPPA SHOWCASE,2020,The Final Season 紀念托特包,包袋類,托特包,,,,MAPPA,¥2200,2020-11-27,MAPPA;展覽限定;包包,,https://mappa-onlineshop.com/
進擊的巨人,一番賞 進擊的巨人～壁外調查～,2015,馬術騎馬模型 艾爾文,立體公仔類,公仔,B賞,艾爾文·史密斯,團長,BANPRESTO,¥620,2015-05-23,一番賞;公仔;壁外調查,,https://1kuji.com/
進擊的巨人,KOTOBUKIYA 比例公仔,2014,1/8 比例公仔 米卡莎·阿卡曼,立體公仔類,比例公仔,,米卡莎·阿卡曼,,KOTOBUKIYA,¥13200,2014-10-31,壽屋;ARTFXJ;比例公仔,,https://www.kotobukiya.co.jp/
進擊的巨人,台灣 華山 巨人展,2015,台灣限定 展覽導覽手冊,出版品類,場刊,,艾連·葉卡;里維·阿卡曼;米卡莎·阿卡曼;阿爾敏·亞魯雷特,艾主席;兵長;;,雅慕斯娛樂,NT$250,2015-12-11,巨人展;台灣限定;華山;場刊,,https://www.kyojinten.tw/
進擊的巨人,台灣 華山 巨人展,2015,調查兵團 陶瓷馬克杯,生活雜貨類,杯子,,,,雅慕斯娛樂,NT$450,2015-12-11,巨人展;台灣限定;華山;馬克杯,,https://www.kyojinten.tw/
進擊的巨人,日清杯麵 聯名,2018,珍種謎肉 聯名馬克杯,生活雜貨類,杯子,,艾連·葉卡,艾主席,NISSIN,非賣品,2018-06-11,日清;聯名;非賣品;抽獎,,https://www.nissin.com/
進擊的巨人,Megahouse GEM,2019,G.E.M.系列 艾爾文·史密斯,立體公仔類,比例公仔,,艾爾文·史密斯,團長,MegaHouse,¥15180,2019-10-31,GEM;MegaHouse;比例公仔,,https://www.megahobby.jp/
進擊的巨人,USJ 日本環球影城,2017,調查兵團 披風,服裝類,披風,,,,USJ,¥6500,2017-01-13,USJ;披風;調查兵團;Cosplay,,https://www.usj.co.jp/
進擊的巨人,USJ 日本環球影城,2019,隨機立體機動裝置 鑰匙圈,配戴隨身類,鑰匙圈,,,,USJ,¥800,2019-05-31,USJ;鑰匙圈;盲抽,,https://www.usj.co.jp/
進擊的巨人,U-TREASURE 聯名飾品,2021,艾連·葉卡 誓言戒指,配戴隨身類,戒指,,艾連·葉卡,艾主席,U-TREASURE,¥16500,2021-11-01,UTREASURE;戒指;銀飾,,https://u-treasure.jp/
進擊的巨人,U-TREASURE 聯名飾品,2021,里維 誓言戒指,配戴隨身類,戒指,,里維·阿卡曼,兵長,U-TREASURE,¥16500,2021-11-01,UTREASURE;戒指;銀飾,,https://u-treasure.jp/
進擊的巨人,BANDAI 轉蛋,2022,排隊睡眠公仔 艾連,立體公仔類,扭蛋,,艾連·葉卡,艾主席,BANDAI,¥400,2022-08-15,萬代;轉蛋;睡眠公仔,,https://gashapon.jp/
進擊的巨人,BANDAI 轉蛋,2022,排隊睡眠公仔 里維,立體公仔類,扭蛋,,里維·阿卡曼,兵長,BANDAI,¥400,2022-08-15,萬代;轉蛋;睡眠公仔,,https://gashapon.jp/
進擊的巨人,WIT STUDIO 壓克力立牌,2018,淺野恭司 原畫展 壓克力立牌 艾連,生活雜貨類,立牌,,艾連·葉卡,艾主席,WIT STUDIO,¥1650,2018-09-08,WIT;淺野恭司;原畫展,,https://witstudio.co.jp/
進擊的巨人,WIT STUDIO 壓克力立牌,2018,淺野恭司 原畫展 壓克力立牌 里維,生活雜貨類,立牌,,里維·阿卡曼,兵長,WIT STUDIO,¥1650,2018-09-08,WIT;淺野恭司;原畫展,,https://witstudio.co.jp/
進擊的巨人,台灣 悠遊卡公司,2023,立體機動裝置 造型悠遊卡,生活雜貨類,悠遊卡,,,,悠遊卡公司,NT$599,2023-11-02,台灣限定;悠遊卡;立體機動裝置,,https://www.easycard.com.tw/
進擊的巨人,台灣 悠遊卡公司,2023,超大型巨人 造型悠遊卡,生活雜貨類,悠遊卡,,貝爾托特·胡佛,超大型巨人,悠遊卡公司,NT$699,2023-11-02,台灣限定;悠遊卡;巨人化,,https://www.easycard.com.tw/
進擊的巨人,一番賞 進擊的巨人～地鳴～,2023,里維·阿卡曼 戰損公仔,立體公仔類,公仔,B賞,里維·阿卡曼,兵長,BANPRESTO,¥750,2023-11-20,一番賞;戰損;公仔,,https://1kuji.com/
進擊的巨人,Animate 特典,2021,The Final Season 開播紀念 明信片,紙製/影像類,明信片,,艾連·葉卡;萊納·布朗,艾主席;鎧甲巨人,Animate,非賣品,2021-01-10,Animate;特典;非賣品;滿額贈,,https://www.animate-onlineshop.jp/
進擊的巨人,進擊的巨人展 FINAL,2019,展覽限定 撲克牌,生活雜貨類,桌遊,,艾連·葉卡;米卡莎·阿卡曼;阿爾敏·亞魯雷特;里維·阿卡曼;漢吉·佐耶;艾爾文·史密斯,艾主席;;;兵長;分隊長;團長,講談社,¥1650,2019-07-05,巨人展FINAL;撲克牌;周邊,,https://kyojinten.jp/
進擊的巨人,進擊的巨人展 FINAL,2019,原畫 B2海報,紙製/影像類,海報,,艾連·葉卡,艾主席,講談社,¥1100,2019-07-05,巨人展FINAL;海報;原畫,,https://kyojinten.jp/
進擊的巨人,GSC 黏土人,2014,黏土人 艾爾文·史密斯,立體公仔類,可動公仔,,艾爾文·史密斯,團長,Good Smile Company,¥4888,2014-10-31,黏土人;GSC;公仔,,https://www.goodsmile.info/
進擊的巨人,漫畫單行本,2010,進擊的巨人 第1卷,出版品類,漫畫,,,,講談社,¥495,2010-03-17,漫畫;單行本;首刷,,https://kc.kodansha.co.jp/
進擊的巨人,官方導讀手冊,2017,進擊的巨人 角色名鑑,出版品類,設定集,,艾連·葉卡;里維·阿卡曼;米卡莎·阿卡曼;阿爾敏·亞魯雷特,艾主席;兵長;;,講談社,¥968,2017-08-09,漫畫;設定集;公式書,,https://kc.kodansha.co.jp/
進擊的巨人,SuperGroupies 聯名,2019,調查兵團 手錶,配戴隨身類,手錶,,,,SuperGroupies,¥16280,2019-10-25,SuperGroupies;聯名;手錶;調查兵團,,https://www.super-groupies.com/
進擊的巨人,SuperGroupies 聯名,2019,里維款 側背包,包袋類,側背包,,里維·阿卡曼,兵長,SuperGroupies,¥14080,2019-10-25,SuperGroupies;聯名;包包;調查兵團,,https://www.super-groupies.com/
進擊的巨人,一番賞 進擊的巨人～地鳴～,2023,視覺色紙 艾連與米卡莎,紙製/影像類,色紙,G賞,艾連·葉卡;米卡莎·阿卡曼,艾主席;,BANPRESTO,¥750,2023-11-20,一番賞;色紙;地鳴,,https://1kuji.com/
進擊的巨人,野獸國 D-Stage,2022,夢精選 進擊的巨人 艾連對決鎧甲巨人,立體公仔類,場景公仔,,艾連·葉卡;萊納·布朗,艾主席;鎧甲巨人,Beast Kingdom,"NT$1,099",2022-12-15,野獸國;夢精選;場景;巨人化,,https://www.beast-kingdom.com.tw/
進擊的巨人,GSC 黏土人,2014,黏土人 里維 掃除Ver.,立體公仔類,可動公仔,,里維·阿卡曼,兵長,Good Smile Company,¥3259,2014-07-27,黏土人;GSC;公仔;WF限定,,https://www.goodsmile.info/
進擊的巨人,壽屋 軟膠吊飾,2014,進擊的巨人 軟膠吊飾 隨機盲盒,配戴隨身類,吊飾,,艾連·葉卡;里維·阿卡曼;米卡莎·阿卡曼;阿爾敏·亞魯雷特,艾主席;兵長;;,KOTOBUKIYA,¥550,2014-04-15,壽屋;軟膠;盲抽,,https://www.kotobukiya.co.jp/
進擊的巨人,MOVIC 掛畫,2021,B2 橫向掛畫 The Final Season,生活雜貨類,掛畫,,艾連·葉卡;里維·阿卡曼;萊納·布朗,艾主席;兵長;鎧甲巨人,MOVIC,¥3300,2021-12-18,MOVIC;掛畫;主視覺,,https://www.movic.jp/
進擊的巨人,東立出版社,2021,進擊的巨人 第34卷 首刷限定版 (附小冊子),出版品類,漫畫,,艾連·葉卡;米卡莎·阿卡曼;阿爾敏·亞魯雷特,艾主席;;,東立出版社,NT$250,2021-10-08,東立;台灣代理;首刷限定;漫畫,,https://www.tongli.com.tw/
進擊的巨人,台灣 麥當勞聯名,2023,聯名撲克牌,生活雜貨類,桌遊,,,,台灣麥當勞,NT$99,2023-11-25,麥當勞;台灣限定;撲克牌;加價購,,https://www.mcdonalds.com/tw/
進擊的巨人,中外鑛業 趴趴娃娃,2021,もちころりん 艾連·葉卡,生活雜貨類,玩偶,,艾連·葉卡,艾主席,Chugai Mining,¥1045,2021-05-20,もちころりん;布偶;中外鑛業,,https://www.chugai-contents.jp/
進擊的巨人,F:NEX 比例公仔,2022,1/7 比例公仔 米卡莎·阿卡曼 The Final Season,立體公仔類,比例公仔,,米卡莎·阿卡曼,,F:NEX,¥23980,2022-09-30,FNEX;比例公仔;1/7,,https://fnex.jp/
進擊的巨人,進擊的巨人展 FINAL,2019,隨機原畫徽章,配戴隨身類,徽章,,艾連·葉卡;里維·阿卡曼;米卡莎·阿卡曼;阿爾敏·亞魯雷特,艾主席;兵長;;,講談社,¥440,2019-07-05,巨人展FINAL;徽章;盲抽;原畫,,https://kyojinten.jp/
進擊的巨人,JINS 聯名眼鏡,2015,聯名眼鏡 PC款 漢吉·佐耶,配戴隨身類,眼鏡,,漢吉·佐耶,分隊長,JINS,¥5390,2015-10-01,JINS;眼鏡;聯名,,https://www.jins.com/
進擊的巨人,Anique 複製原畫,2021,完結紀念 額裝複製原畫,紙製/影像類,畫作,,,,Anique,¥33000,2021-06-09,Anique;複製原畫;完結紀念,,https://anique.jp/
進擊的巨人,SONY 聯名音響設備,2017,Walkman A系列 進擊的巨人聯名款,生活雜貨類,3C周邊,,,,SONY,¥29028,2017-02-15,SONY;Walkman;聯名;3C,,https://www.sony.jp/
進擊的巨人,SONY 聯名音響設備,2017,h.ear on 2 無線耳機 里維款,生活雜貨類,3C周邊,,里維·阿卡曼,兵長,SONY,¥35510,2017-02-15,SONY;耳機;聯名;3C,,https://www.sony.jp/
進擊的巨人,台灣 木棉花,2022,里維 浮雕紀念幣,配戴隨身類,硬幣,,里維·阿卡曼,兵長,木棉花,NT$350,2022-07-28,木棉花;台灣限定;漫博;紀念幣,,https://www.e-muse.com.tw/
進擊的巨人,講談社 畫集,2024,進擊的巨人 畫集 FLY,出版品類,畫集,,艾連·葉卡;米卡莎·阿卡曼;阿爾敏·亞魯雷特,艾主席;;,講談社,¥22000,2024-05-02,畫集;FLY;完結紀念;附錄,,https://kc.kodansha.co.jp/
進擊的巨人,KOTOBUKIYA 組裝模型,2015,1/35 艾連·葉卡 巨人化Ver. 塑膠模型,立體公仔類,組裝模型,,艾連·葉卡,艾主席;進擊的巨人,KOTOBUKIYA,¥4620,2015-04-20,壽屋;組裝模型;巨人化,,https://www.kotobukiya.co.jp/
進擊的巨人,進擊的巨人展 FINAL,2019,公式圖錄(場刊),出版品類,場刊,,,,講談社,¥3300,2019-07-05,巨人展FINAL;圖錄;場刊,,https://kyojinten.jp/
進擊的巨人,進擊的巨人展 FINAL,2019,瑪利亞之牆 奪還作戰 刺繡臂章,服裝類,臂章,,,,講談社,¥1320,2019-07-05,巨人展FINAL;臂章;調查兵團,,https://kyojinten.jp/
進擊的巨人,TiCTAC 聯名手錶,2020,Movement in Motion 聯名手錶 艾連款,配戴隨身類,手錶,,艾連·葉卡,艾主席,TiCTAC,¥22000,2020-04-10,TiCTAC;手錶;聯名,,https://www.tictac-web.com/
進擊的巨人,TV動畫藍光,2013,Season 1 第1卷 初回限定版,影音類,BD,,艾連·葉卡;米卡莎·阿卡曼,艾主席;,波麗佳音,¥6600,2013-07-17,BD;初回限定;特典,,https://shingeki.tv/
進擊的巨人,Movic 豆眼娃娃,2018,まめめいと 艾爾文,生活雜貨類,玩偶,,艾爾文·史密斯,團長,MOVIC,¥1045,2018-12-21,まめめいと;布偶,,https://www.movic.jp/
進擊的巨人,Movic 豆眼娃娃,2018,まめめいと 漢吉,生活雜貨類,玩偶,,漢吉·佐耶,分隊長,MOVIC,¥1045,2018-12-21,まめめいと;布偶,,https://www.movic.jp/
進擊的巨人,USJ 日本環球影城,2022,里維兵長 爆米花桶,生活雜貨類,爆米花桶,,里維·阿卡曼,兵長,USJ,¥4500,2022-03-04,USJ;爆米花桶;排隊商品,,https://www.usj.co.jp/
進擊的巨人,NTT DoCoMo 聯名,2021,聯名壓克力立牌 艾連,生活雜貨類,立牌,,艾連·葉卡,艾主席,NTT DoCoMo,非賣品,2021-02-15,DoCoMo;抽獎;非賣品,,https://www.docomo.ne.jp/
進擊的巨人,WIT STUDIO 設定集,2017,Season 2 原畫集,出版品類,設定集,,,,WIT STUDIO,¥3056,2017-11-20,WIT;原畫集;設定集,,https://witstudio.co.jp/
進擊的巨人,SEIKO 聯名手錶,2015,WIRED x 進擊的巨人 聯名錶 里維款,配戴隨身類,手錶,,里維·阿卡曼,兵長,SEIKO,¥38500,2015-09-09,SEIKO;手錶;聯名;限量,,https://www.seikowatches.com/
進擊的巨人,KOTOBUKIYA 比例公仔,2021,1/8 比例公仔 里維 (Renewal Package),立體公仔類,比例公仔,,里維·阿卡曼,兵長,KOTOBUKIYA,¥13200,2021-11-18,壽屋;ARTFXJ;再版,,https://www.kotobukiya.co.jp/
進擊的巨人,BANPRESTO WCF,2015,WCF Vol.1 艾連,立體公仔類,景品,,艾連·葉卡,艾主席,BANPRESTO,非賣品,2015-02-10,WCF;景品;萬普,,https://bsp-prize.jp/
進擊的巨人,BANPRESTO WCF,2015,WCF Vol.1 阿爾敏,立體公仔類,景品,,阿爾敏·亞魯雷特,,BANPRESTO,非賣品,2015-02-10,WCF;景品;萬普,,https://bsp-prize.jp/
進擊的巨人,GSC POP UP PARADE,2021,POP UP PARADE 艾連·葉卡,立體公仔類,公仔,,艾連·葉卡,艾主席,Good Smile Company,¥3900,2021-12-22,PUP;GSC;公仔,,https://www.goodsmile.info/
進擊的巨人,GSC POP UP PARADE,2022,POP UP PARADE 萊納·布朗,立體公仔類,公仔,,萊納·布朗,鎧甲巨人,Good Smile Company,¥4800,2022-08-25,PUP;GSC;公仔,,https://www.goodsmile.info/
進擊的巨人,Animate Cafe,2019,The Final Season 隨機杯墊 米卡莎,生活雜貨類,杯墊,,米卡莎·阿卡曼,,Animate Cafe,非賣品,2019-11-05,AnimateCafe;杯墊;滿額贈;盲抽,,https://cafe.animate.co.jp/
進擊的巨人,台灣 悠遊卡公司,2021,進擊的巨人 巨大化悠遊卡,生活雜貨類,悠遊卡,,艾連·葉卡,艾主席;進擊的巨人,悠遊卡公司,NT$350,2021-08-25,台灣限定;悠遊卡;巨大化,,https://www.easycard.com.tw/
進擊的巨人,木棉花 服飾,2020,調查兵團 綠色防風外套,服裝類,外套,,,,木棉花,"NT$1,200",2020-02-01,木棉花;台灣限定;外套;調查兵團,,https://www.e-muse.com.tw/
進擊的巨人,GSC 黏土人,2014,黏土人 阿爾敏·亞魯雷特,立體公仔類,可動公仔,,阿爾敏·亞魯雷特,,Good Smile Company,¥4888,2014-10-31,黏土人;GSC;公仔,,https://www.goodsmile.info/
進擊的巨人,Sanrio 聯名,2022,三麗鷗聯名 絨毛娃娃 艾連×大耳狗,生活雜貨類,玩偶,,艾連·葉卡,艾主席,Sanrio,¥3300,2022-06-15,三麗鷗;大耳狗;聯名;布偶,,https://www.sanrio.co.jp/
進擊的巨人,Sanrio 聯名,2022,三麗鷗聯名 絨毛娃娃 里維×酷企鵝,生活雜貨類,玩偶,,里維·阿卡曼,兵長,Sanrio,¥3300,2022-06-15,三麗鷗;酷企鵝;聯名;布偶,,https://www.sanrio.co.jp/
進擊的巨人,Uniqlo UT,2023,進擊的巨人 UT 印花T恤 里維,服裝類,T恤,,里維·阿卡曼,兵長,UNIQLO,NT$590,2023-03-17,UNIQLO;UT;聯名;服飾,,https://www.uniqlo.com/tw/
進擊的巨人,T-ARTS 趴趴布偶,2018,にとたん 趴趴布偶 艾爾文,生活雜貨類,玩偶,,艾爾文·史密斯,團長,T-ARTS,¥1760,2018-04-20,にとたん;布偶,,https://www.takaratomy-arts.co.jp/
進擊的巨人,一卡通公司,2024,進擊的巨人 完結篇 紀念一卡通,生活雜貨類,一卡通,,艾連·葉卡;米卡莎·阿卡曼;阿爾敏·亞魯雷特,艾主席;;,一卡通公司,NT$150,2024-01-10,台灣限定;一卡通;完結篇,,https://www.i-pass.com.tw/
進擊的巨人,唐吉訶德 聯名,2021,唐吉訶德 隨機資料夾,紙製/影像類,資料夾,,艾連·葉卡;里維·阿卡曼;米卡莎·阿卡曼,艾主席;兵長;,Don Quijote,¥550,2021-08-14,唐吉訶德;資料夾;盲抽,,https://www.donki.com/
進擊的巨人,GraffArt Shop,2020,GraffArt 隨機壓克力徽章,配戴隨身類,徽章,,艾連·葉卡;里維·阿卡曼;漢吉·佐耶;艾爾文·史密斯,艾主席;兵長;分隊長;團長,A3,¥528,2020-10-24,GraffArt;塗鴉風;徽章;盲抽,,https://eeo.today/
進擊的巨人,OIOI 丸井百貨,2019,POP UP SHOP 壓克力立牌 漢吉,生活雜貨類,立牌,,漢吉·佐耶,分隊長,OIOI,¥1650,2019-05-18,OIOI;丸井;立牌;快閃店,,https://www.0101.co.jp/
進擊的巨人,MAPPA SHOWCASE,2021,The Final Season 原畫明信片套組,紙製/影像類,明信片,,艾連·葉卡;里維·阿卡曼;米卡莎·阿卡曼;阿爾敏·亞魯雷特,艾主席;兵長;;,MAPPA,¥1100,2021-12-25,MAPPA;原畫;明信片,,https://mappa.co.jp/
進擊的巨人,一番賞 進擊的巨人～地鳴～,2023,透明檔案夾套組,紙製/影像類,資料夾,H賞,艾連·葉卡;萊納·布朗;吉克·葉卡,艾主席;鎧甲巨人;獸之巨人,BANPRESTO,¥750,2023-11-20,一番賞;資料夾;地鳴,,https://1kuji.com/
進擊的巨人,台灣 藏壽司聯名,2021,藏壽司 聯名扭蛋 橡膠吊飾,配戴隨身類,吊飾,,里維·阿卡曼,兵長,藏壽司,非賣品,2021-06-15,藏壽司;扭蛋;台灣限定;非賣品,,https://www.kurasushi.tw/
進擊的巨人,PROPLICA,2023,PROPLICA 1/1 斷鋼神劍 (立體機動裝置),立體公仔類,道具模型,,,,BANDAI,¥13200,2023-11-20,PROPLICA;1/1;萬代;道具,,https://tamashiiweb.com/
進擊的巨人,MegaHouse G.E.M.,2014,G.E.M.系列 里維,立體公仔類,比例公仔,,里維·阿卡曼,兵長,MegaHouse,¥10340,2014-06-25,MegaHouse;GEM;公仔,,https://www.megahobby.jp/
進擊的巨人,BANDAI 電子雞,2023,進擊的塔麻可吉 調查兵團綠色款,生活雜貨類,電子玩具,,艾連·葉卡;里維·阿卡曼;米卡莎·阿卡曼;阿爾敏·亞魯雷特,艾主席;兵長;;,BANDAI,¥2530,2023-06-15,萬代;電子雞;塔麻可吉;玩具,,https://toy.bandai.co.jp/
進擊的巨人,台灣 木棉花,2023,進擊的巨人 2023台北動漫節福袋,生活雜貨類,福袋,,,,木棉花,NT$800,2023-01-27,木棉花;台灣限定;福袋;動漫節,,https://www.e-muse.com.tw/
進擊的巨人,Ensky 拼圖,2021,1000片拼圖 The Final Season 視覺圖,生活雜貨類,拼圖,,艾連·葉卡;里維·阿卡曼;米卡莎·阿卡曼;阿爾敏·亞魯雷特,艾主席;兵長;;,Ensky,¥3520,2021-04-15,Ensky;拼圖;1000片,,https://www.ensky.co.jp/
進擊的巨人,B-SIDE LABEL,2022,防水貼紙 里維,紙製/影像類,貼紙,,里維·阿卡曼,兵長,B-SIDE LABEL,¥330,2022-09-02,防水貼紙;BSIDE,,https://bside-label.com/
進擊的巨人,台灣 羚邦 (代理),2022,進擊的巨人 聯名麻將組,生活雜貨類,桌遊,,,,羚邦,"NT$4,500",2022-10-01,台灣限定;麻將;高單價;聯名,,https://www.medialink.com.hk/
進擊的巨人,進擊的巨人展 FINAL,2019,展覽限定 壓克力立牌 艾連,生活雜貨類,立牌,,艾連·葉卡,艾主席,講談社,¥1650,2019-07-05,巨人展FINAL;立牌,,https://kyojinten.jp/
進擊的巨人,進擊的巨人展 FINAL,2019,展覽限定 壓克力立牌 里維,生活雜貨類,立牌,,里維·阿卡曼,兵長,講談社,¥1650,2019-07-05,巨人展FINAL;立牌,,https://kyojinten.jp/
進擊的巨人,TAITO 景品,2021,Coreful 公仔 米卡莎·阿卡曼,立體公仔類,景品,,米卡莎·阿卡曼,,TAITO,非賣品,2021-11-25,TAITO;景品;Coreful,,https://www.taito.co.jp/
進擊的巨人,講談社 導讀手冊,2013,進擊的巨人 INSIDE 抗,出版品類,設定集,,,,講談社,¥880,2013-04-09,漫畫;設定集;導讀,,https://kc.kodansha.co.jp/
進擊的巨人,講談社 導讀手冊,2013,進擊的巨人 OUTSIDE 攻,出版品類,設定集,,,,講談社,¥880,2013-09-09,漫畫;設定集;導讀,,https://kc.kodansha.co.jp/
進擊的巨人,Animate Cafe,2020,The Final Season 滿額贈特典 寫真卡,紙製/影像類,特典卡,,艾爾文·史密斯;里維·阿卡曼,團長;兵長,Animate Cafe,非賣品,2020-12-05,AnimateCafe;特典;寫真卡;非賣品,,https://cafe.animate.co.jp/
進擊的巨人,U-TREASURE 聯名飾品,2021,里維 地下街時代 戒指,配戴隨身類,戒指,,里維·阿卡曼,兵長,U-TREASURE,¥16500,2021-12-25,U-TREASURE;戒指;聯名;高單價,,https://u-treasure.jp/
進擊的巨人,U-TREASURE 聯名飾品,2021,艾爾文 團長 戒指,配戴隨身類,戒指,,艾爾文·史密斯,團長,U-TREASURE,¥16500,2021-12-25,U-TREASURE;戒指;聯名;高單價,,https://u-treasure.jp/
進擊的巨人,BANDAI 扭蛋,2022,排隊扭蛋 (まちぼうけ) 艾連,立體公仔類,扭蛋,,艾連·葉卡,艾主席,BANDAI,¥400,2022-08-10,萬代;扭蛋;まちぼうけ;盲抽,,https://gashapon.jp/
進擊的巨人,BANDAI 扭蛋,2022,排隊扭蛋 (まちぼうけ) 里維,立體公仔類,扭蛋,,里維·阿卡曼,兵長,BANDAI,¥400,2022-08-10,萬代;扭蛋;まちぼうけ;盲抽,,https://gashapon.jp/
進擊的巨人,MOVIC 徽章,2020,The Final Season 隨機閃膜徽章,配戴隨身類,徽章,,艾連·葉卡;米卡莎·阿卡曼;阿爾敏·亞魯雷特;里維·阿卡曼,艾主席;兵長,MOVIC,¥440,2020-12-15,MOVIC;徽章;盲抽;閃膜,,https://www.movic.jp/
進擊的巨人,SuperGroupies 聯名,2019,調查兵團造型 後背包,生活雜貨類,包包,,,,SuperGroupies,¥15180,2019-10-20,SuperGroupies;聯名;包包;調查兵團,,https://www.super-groupies.com/
進擊的巨人,SuperGroupies 聯名,2019,里維款 造型短靴,服裝類,鞋子,,里維·阿卡曼,兵長,SuperGroupies,¥21780,2019-10-20,SuperGroupies;聯名;鞋子,,https://www.super-groupies.com/
進擊的巨人,波麗佳音 原聲帶,2013,TV動畫 原聲帶 OST 1,影音類,CD,,,,波麗佳音,¥3300,2013-06-28,澤野弘之;OST;原聲帶,,https://shingeki.tv/
進擊的巨人,一番賞 進擊的巨人～地鳴～,2023,壓克力立牌 漢吉,生活雜貨類,立牌,E賞,漢吉·佐耶,分隊長,BANPRESTO,¥750,2023-11-20,一番賞;立牌;地鳴,,https://1kuji.com/
進擊的巨人,曼迪 代理,2021,進擊的巨人 Ｑ版隨身鏡,生活雜貨類,鏡子,,艾連·葉卡;里維·阿卡曼,艾主席;兵長,曼迪傳播,NT$150,2021-07-10,台灣限定;曼迪;隨身鏡,,https://www.mightymedia.com.tw/
進擊的巨人,F:NEX 比例公仔,2022,里維 胸像 1/1 比例,立體公仔類,大型模型,,里維·阿卡曼,兵長,F:NEX,¥327800,2022-10-31,FNEX;胸像;1/1;極高單價,,https://fnex.jp/
進擊的巨人,F:NEX 比例公仔,2022,艾連 巨人化 胸像 1/1 比例,立體公仔類,大型模型,,艾連·葉卡,艾主席,F:NEX,¥327800,2022-10-31,FNEX;胸像;1/1;極高單價,,https://fnex.jp/
進擊的巨人,ensky 撲克牌,2015,進擊的巨人 角色名言撲克牌,生活雜貨類,桌遊,,,,Ensky,¥880,2015-05-15,ensky;撲克牌;桌遊,,https://www.ensky.co.jp/
進擊的巨人,日清食品 聯名,2018,珍種謎肉 聯名泡麵套組,生活雜貨類,食品,,,,日清食品,¥3240,2018-07-02,日清;杯麵;聯名;食品,,https://www.nissin.com/
進擊的巨人,花王 Attack 聯名,2018,進擊的防臭 洗衣精 里維款,生活雜貨類,日用品,,里維·阿卡曼,兵長,Kao 花王,¥380,2018-12-10,花王;聯名;洗衣精;日用品,,https://www.kao.co.jp/
進擊的巨人,舒適牌 Schick 聯名,2014,Schick 刮鬍刀 附米卡莎壓克力立牌,生活雜貨類,日用品,,米卡莎·阿卡曼,,Schick,¥1200,2014-06-09,Schick;刮鬍刀;聯名;日用品,,https://schick.jp/
進擊的巨人,台灣 必勝客 聯名,2023,進擊的巨人 超大型巨人 披薩保溫袋,生活雜貨類,包包,,,,Pizza Hut,NT$399,2023-08-01,台灣限定;必勝客;披薩;聯名,,https://www.pizzahut.com.tw/
進擊的巨人,台灣 CoCo都可 聯名,2023,CoCo都可 聯名飲料杯套 艾連款,生活雜貨類,杯套,,艾連·葉卡,艾主席,CoCo都可,NT$150,2023-09-15,台灣限定;CoCo;飲料;杯套,,https://www.coco-tea.com/
進擊的巨人,primaniacs 角色香水,2017,角色香水 里維·阿卡曼 (花香木質調),配戴隨身類,香水,,里維·阿卡曼,兵長,primaniacs,¥5959,2017-10-27,香水;primaniacs;聯名,,https://primaniacs.com/
進擊的巨人,Sailor 寫樂 聯名,2021,【限定生產】進擊的巨人 聯名鋼筆 艾爾文·史密斯,生活雜貨類,文具,,艾爾文·史密斯,團長,Sailor 寫樂,¥33000,2021-05-18,鋼筆;寫樂;文具;高單價,,https://sailor.co.jp/
進擊的巨人,富士急樂園 聯名,2017,富士急樂園 飛行傘設施 紀念飛行胸章,配戴隨身類,徽章,,艾連·葉卡;里維·阿卡曼,艾主席;兵長,富士急樂園,¥600,2017-04-20,富士急樂園;遊樂園;限定;徽章,,https://www.fujiq.jp/
進擊的巨人,WIT STUDIO 紀念,2018,WIT STUDIO 感謝祭 壓克力立牌 [兵長&艾爾文 雙人款],生活雜貨類,立牌,,里維·阿卡曼;艾爾文·史密斯,兵長;團長,WIT STUDIO,¥2500,2018-09-15,WIT;感謝祭;雙人;立牌,,https://witstudio.co.jp/
進擊的巨人,木棉花 影音,2014,進擊的巨人 TV版第一季 國語配音版 DVD套組,影音類,DVD,,,,木棉花,"NT$1,500",2014-12-01,台灣限定;木棉花;DVD;中配,,https://www.e-muse.com.tw/
進擊的巨人,一番賞 進擊的巨人～自由之翼～,2015,A賞 里維 騎馬場景模型,立體公仔類,大型模型,A賞,里維·阿卡曼,兵長,BANPRESTO,¥620,2015-08-15,一番賞;場景公仔;A賞,,https://1kuji.com/
進擊的巨人,GSC 黏土人,2015,黏土人 超大型巨人 & 進擊的遊樂設施套組,立體公仔類,可動公仔,,超大型巨人;艾連·葉卡;米卡莎·阿卡曼;阿爾敏·亞魯雷特,艾主席;;,Good Smile Company,¥4888,2015-02-28,黏土人;GSC;超大型巨人;配件,,https://www.goodsmile.info/
進擊的巨人,USJ 日本環球影城,2019,進擊的巨人 Cool Japan 紀念毛巾,生活雜貨類,毛巾,,,,USJ,¥1800,2019-06-21,USJ;CoolJapan;毛巾,,https://www.usj.co.jp/
進擊的巨人,台灣 一卡通公司,2022,特製立體造型一卡通 超大型巨人,生活雜貨類,一卡通,,超大型巨人,,一卡通公司,NT$590,2022-10-25,台灣限定;一卡通;立體造型,,https://www.i-pass.com.tw/
進擊的巨人,animate 限定周邊,2021,The Final Season「地鳴」超長尺寸滑鼠墊,生活雜貨類,3C周邊,,艾連·葉卡,艾主席,animate,¥3850,2021-11-10,animate;滑鼠墊;地鳴;3C,,https://www.animate-onlineshop.jp/
進擊的巨人,進擊的巨人展 FINAL,2019,巨人展 語音導覽 特別收錄CD,影音類,CD,,艾連·葉卡;里維·阿卡曼;阿爾敏·亞魯雷特;米卡莎·阿卡曼,艾主席;兵長;;,講談社,¥2000,2019-07-05,巨人展FINAL;CD;語音導覽,,https://kyojinten.jp/
